"inventory_origin","legacy_id","legacy_title","legacy_date","legacy_era","legacy_region","disposition","proposed_canonical_id","proposed_title","proposed_date","destination","rationale","overlap_or_prerequisite_notes","research_editorial_status"
"timeline-stub","younger_dryas_reset","Younger Dryas: The Great Freeze","c. 10,800 BCE","prelude","Global","Reframe","lesson.climate.holocene-transition","Climate Change at the Start of the Holocene","c. 10,900–9700 BCE","World Spine — chapter 01","The topic is consequential, but the legacy title overstates a single event, inventor, cause, identity, or certainty; the canonical node teaches the broader evidence-based process.","Mapped to lesson.climate.holocene-transition; prerequisite(s): lesson.humans.peopling-americas.","Framing review; readiness: Research required."
"timeline-stub","abraham","Abraham & Origins of Monotheism","c. 1800 BCE","foundations","Canaan","Reframe","lesson.levant.israel-judah-evidence","Israel, Judah, Text, and Archaeology","c. 1000–586 BCE","World Spine — chapter 03","The topic is consequential, but the legacy title overstates a single event, inventor, cause, identity, or certainty; the canonical node teaches the broader evidence-based process.","Mapped to lesson.levant.israel-judah-evidence; prerequisite(s): lesson.bronze-age.transformation.","Framing review; readiness: Research required."
"timeline-stub","akhenaten","Akhenaten's Religious Revolution","c. 1353 BCE","foundations","Egypt","Move to another Journey type","None","None","None","Idea Trail — Belief, ritual, and interpretation","Historically worthwhile, but narrower, more biographical, more local, or more illustrative than the finite core sequence requires.","May deepen a canonical period without becoming a prerequisite or duplicate progress-bearing lesson.","Optional-path editorial brief required."
"timeline-stub","alashiya_cyprus","Alashiya/Cyprus: Copper Island","c. 1450 BCE","foundations","Cyprus","Merge","lesson.bronze-age.exchange-networks","Bronze Age Exchange Networks","c. 2300–1200 BCE","World Spine — chapter 02","This node supplies useful evidence, but its explanatory work is stronger inside the broader canonical synthesis and would otherwise duplicate required progress.","Mapped to lesson.bronze-age.exchange-networks; prerequisite(s): lesson.technology.wheels-metals-and-work.","Source set identified; readiness: Ready candidate."
"timeline-stub","animal_domestication","Domestication of Animals","c. 8000 BCE","foundations","Middle East","Adapt or rename","lesson.animals.domestication-and-pastoralism","Animals, Herding, and Mobility","c. 9000–2000 BCE","World Spine — chapter 01","The topic earns core placement, with a learner-facing title, period, and scope adjusted to foreground causal and evidentiary value.","Mapped to lesson.animals.domestication-and-pastoralism; prerequisite(s): lesson.farming.multiple-origins.","Source brief required; readiness: Planned."
"timeline-stub","assyrian_trade","Old Assyrian Trade Colonies","c. 1900 BCE","foundations","Anatolia/Mesopotamia","Merge","lesson.bronze-age.exchange-networks","Bronze Age Exchange Networks","c. 2300–1200 BCE","World Spine — chapter 02","This node supplies useful evidence, but its explanatory work is stronger inside the broader canonical synthesis and would otherwise duplicate required progress.","Mapped to lesson.bronze-age.exchange-networks; prerequisite(s): lesson.technology.wheels-metals-and-work.","Source set identified; readiness: Ready candidate."
"timeline-stub","bantu_migration","Early Bantu Migrations Begin","c. 1500 BCE","foundations","Africa","Reframe","lesson.africa.bantu-language-dispersals","Bantu-Language Dispersals","c. 1500 BCE–1000 CE","World Spine — chapter 03","The topic is consequential, but the legacy title overstates a single event, inventor, cause, identity, or certainty; the canonical node teaches the broader evidence-based process.","Mapped to lesson.africa.bantu-language-dispersals; prerequisite(s): lesson.farming.multiple-origins.","Framing review; readiness: Research required."
"timeline-stub","bronze_age_begins","Bronze Age Begins","c. 3300 BCE","foundations","Middle East","Reframe","lesson.technology.wheels-metals-and-work","Wheels, Metals, and Specialized Work","c. 3600–2000 BCE","World Spine — chapter 02","The topic is consequential, but the legacy title overstates a single event, inventor, cause, identity, or certainty; the canonical node teaches the broader evidence-based process.","Mapped to lesson.technology.wheels-metals-and-work; prerequisite(s): lesson.farming.settlements.","Framing review; readiness: Planned."
"timeline-stub","bronze_age_textiles","Bronze Age Textile Revolution","c. 1500 BCE","foundations","Eurasia","Move to another Journey type","None","None","None","Idea Trail — Ideas, expression, and interpretation","Historically worthwhile, but narrower, more biographical, more local, or more illustrative than the finite core sequence requires.","May deepen a canonical period without becoming a prerequisite or duplicate progress-bearing lesson.","Optional-path editorial brief required."
"timeline-stub","bronze_age_trade","Bronze Age Global Trade Networks","c. 2000 BCE","foundations","Eurasia","Merge","lesson.bronze-age.exchange-networks","Bronze Age Exchange Networks","c. 2300–1200 BCE","World Spine — chapter 02","This node supplies useful evidence, but its explanatory work is stronger inside the broader canonical synthesis and would otherwise duplicate required progress.","Mapped to lesson.bronze-age.exchange-networks; prerequisite(s): lesson.technology.wheels-metals-and-work.","Source set identified; readiness: Ready candidate."
"timeline-stub","bronze_spreads","Bronze Tools Spread Across Eurasia","c. 2000 BCE","foundations","Europe/Asia","Reframe","lesson.technology.wheels-metals-and-work","Wheels, Metals, and Specialized Work","c. 3600–2000 BCE","World Spine — chapter 02","The topic is consequential, but the legacy title overstates a single event, inventor, cause, identity, or certainty; the canonical node teaches the broader evidence-based process.","Mapped to lesson.technology.wheels-metals-and-work; prerequisite(s): lesson.farming.settlements.","Framing review; readiness: Planned."
"timeline-stub","canaanite_city_states","Canaanite City-States and Amarna Letters","c. 1400 BCE","foundations","Levant","Merge","lesson.bronze-age.diplomacy-and-rivalry","Diplomacy and Rivalry in the Late Bronze Age","c. 1550–1200 BCE","World Spine — chapter 02","This node supplies useful evidence, but its explanatory work is stronger inside the broader canonical synthesis and would otherwise duplicate required progress.","Mapped to lesson.bronze-age.diplomacy-and-rivalry; prerequisite(s): lesson.bronze-age.exchange-networks.","Source brief required; readiness: Planned."
"timeline-stub","caral_norte_chico","Caral: Andean Cities Without Pottery","c. 2600 BCE","foundations","Peru","Adapt or rename","lesson.caral.andean-urbanism","Caral and Early Andean Urbanism","c. 3000–1800 BCE","World Spine — chapter 02","The topic earns core placement, with a learner-facing title, period, and scope adjusted to foreground causal and evidentiary value.","Mapped to lesson.caral.andean-urbanism; prerequisite(s): lesson.farming.multiple-origins.","Source set identified; readiness: Ready candidate."
"timeline-stub","cycladic_culture","Cycladic Island Culture","c. 2800 BCE","foundations","Aegean Islands","Move to another Journey type","None","None","None","Idea Trail — Ideas, expression, and interpretation","Historically worthwhile, but narrower, more biographical, more local, or more illustrative than the finite core sequence requires.","May deepen a canonical period without becoming a prerequisite or duplicate progress-bearing lesson.","Optional-path editorial brief required."
"timeline-stub","early_vedic_societies","Early Vedic Societies in South Asia","c. 1500 BCE","foundations","South Asia","Merge","lesson.india.vedic-upanishadic-inquiry","Vedic Traditions and Upanishadic Questions","c. 800–400 BCE","World Spine — chapter 03","This node supplies useful evidence, but its explanatory work is stronger inside the broader canonical synthesis and would otherwise duplicate required progress.","Mapped to lesson.india.vedic-upanishadic-inquiry; prerequisite(s): lesson.farming.multiple-origins.","Source set identified; readiness: Planned."
"timeline-stub","ebla_archives","Ebla Palace Archives","c. 2400 BCE","foundations","Syria","Move to another Journey type","None","None","None","Idea Trail — Ideas, expression, and interpretation","Historically worthwhile, but narrower, more biographical, more local, or more illustrative than the finite core sequence requires.","May deepen a canonical period without becoming a prerequisite or duplicate progress-bearing lesson.","Optional-path editorial brief required."
"timeline-stub","el_argar","El Argar and Iberian Bronze Age","c. 2200 BCE","foundations","Iberia","Move to another Journey type","None","None","None","Story Arc — War, states, and strategy","Historically worthwhile, but narrower, more biographical, more local, or more illustrative than the finite core sequence requires.","May deepen a canonical period without becoming a prerequisite or duplicate progress-bearing lesson.","Optional-path editorial brief required."
"timeline-stub","erlitou","Erlitou and Early Chinese Bronze States","c. 1900 BCE","foundations","China","Merge","lesson.china.shang-bronze-and-writing","Shang Power, Bronze, and Oracle Bones","c. 1600–1046 BCE","World Spine — chapter 02","This node supplies useful evidence, but its explanatory work is stronger inside the broader canonical synthesis and would otherwise duplicate required progress.","Mapped to lesson.china.shang-bronze-and-writing; prerequisite(s): lesson.technology.wheels-metals-and-work.","Source set identified; readiness: Planned."
"timeline-stub","gilgamesh","Epic of Gilgamesh Written","c. 2100 BCE","foundations","Mesopotamia","Move to another Journey type","None","None","None","Idea Trail — Ideas, expression, and interpretation","Historically worthwhile, but narrower, more biographical, more local, or more illustrative than the finite core sequence requires.","May deepen a canonical period without becoming a prerequisite or duplicate progress-bearing lesson.","Optional-path editorial brief required."
"timeline-stub","hammurabi","Code of Hammurabi","c. 1750 BCE","foundations","Babylon","Adapt or rename","lesson.mesopotamia.law-and-kingship","Law, Kingship, and Hammurabi's Babylon","c. 1800–1600 BCE","World Spine — chapter 02","The topic earns core placement, with a learner-facing title, period, and scope adjusted to foreground causal and evidentiary value.","Mapped to lesson.mesopotamia.law-and-kingship; prerequisite(s): lesson.mesopotamia.akkadian-empire.","Source brief required; readiness: Planned."
"timeline-stub","hatshepsut","Reign of Pharaoh Hatshepsut","c. 1478 BCE","foundations","Egypt","Merge","lesson.bronze-age.diplomacy-and-rivalry","Diplomacy and Rivalry in the Late Bronze Age","c. 1550–1200 BCE","World Spine — chapter 02","This node supplies useful evidence, but its explanatory work is stronger inside the broader canonical synthesis and would otherwise duplicate required progress.","Mapped to lesson.bronze-age.diplomacy-and-rivalry; prerequisite(s): lesson.bronze-age.exchange-networks.","Source brief required; readiness: Planned."
"timeline-stub","hieroglyphs","Egyptian Hieroglyphs Standardized","c. 3200 BCE","foundations","Egypt","Merge","lesson.egypt.nile-state","The Nile and an Early Egyptian State","c. 3200–2700 BCE","World Spine — chapter 02","This node supplies useful evidence, but its explanatory work is stronger inside the broader canonical synthesis and would otherwise duplicate required progress.","Mapped to lesson.egypt.nile-state; prerequisite(s): lesson.uruk.first-city.","Source set identified; readiness: Ready candidate."
"timeline-stub","hittites","Hittite Empire in Anatolia","c. 1600 BCE","foundations","Anatolia","Merge","lesson.bronze-age.diplomacy-and-rivalry","Diplomacy and Rivalry in the Late Bronze Age","c. 1550–1200 BCE","World Spine — chapter 02","This node supplies useful evidence, but its explanatory work is stronger inside the broader canonical synthesis and would otherwise duplicate required progress.","Mapped to lesson.bronze-age.diplomacy-and-rivalry; prerequisite(s): lesson.bronze-age.exchange-networks.","Source brief required; readiness: Planned."
"timeline-stub","imhotep","Imhotep & The Step Pyramid","c. 2630 BCE","foundations","Egypt","Merge","lesson.egypt.pyramids-and-state-labor","Pyramids, Builders, and Evidence","c. 2700–2500 BCE","World Spine — chapter 02","This node supplies useful evidence, but its explanatory work is stronger inside the broader canonical synthesis and would otherwise duplicate required progress.","Mapped to lesson.egypt.pyramids-and-state-labor; prerequisite(s): lesson.egypt.nile-state.","Stage 3B direction approved; prototype review pending."
"timeline-stub","indus_cities","Rise of Mohenjo-Daro","c. 2500 BCE","foundations","India/Pakistan","Merge","lesson.indus.cities-and-signs","Indus Cities and Undeciphered Signs","c. 2600–1900 BCE","World Spine — chapter 02","This node supplies useful evidence, but its explanatory work is stronger inside the broader canonical synthesis and would otherwise duplicate required progress.","Mapped to lesson.indus.cities-and-signs; prerequisite(s): lesson.writing.early-systems.","Source set identified; readiness: Ready candidate."
"timeline-stub","indus_script","Indus Valley Script Appears","c. 2600 BCE","foundations","India/Pakistan","Merge","lesson.indus.cities-and-signs","Indus Cities and Undeciphered Signs","c. 2600–1900 BCE","World Spine — chapter 02","This node supplies useful evidence, but its explanatory work is stronger inside the broader canonical synthesis and would otherwise duplicate required progress.","Mapped to lesson.indus.cities-and-signs; prerequisite(s): lesson.writing.early-systems.","Source set identified; readiness: Ready candidate."
"timeline-stub","iron_age_begins","Iron Age Begins in the Near East","c. 1100 BCE","foundations","Anatolia/Levant","Reframe","lesson.iron-age.technology-and-states","Iron, Farming, and New States","c. 1200–700 BCE","World Spine — chapter 03","The topic is consequential, but the legacy title overstates a single event, inventor, cause, identity, or certainty; the canonical node teaches the broader evidence-based process.","Mapped to lesson.iron-age.technology-and-states; prerequisite(s): lesson.bronze-age.transformation.","Source brief required; readiness: Planned."
"timeline-stub","kadesh","Battle of Kadesh (First Peace Treaty)","1274 BCE","foundations","Syria","Merge","lesson.bronze-age.diplomacy-and-rivalry","Diplomacy and Rivalry in the Late Bronze Age","c. 1550–1200 BCE","World Spine — chapter 02","This node supplies useful evidence, but its explanatory work is stronger inside the broader canonical synthesis and would otherwise duplicate required progress.","Mapped to lesson.bronze-age.diplomacy-and-rivalry; prerequisite(s): lesson.bronze-age.exchange-networks.","Source brief required; readiness: Planned."
"timeline-stub","kassite_babylon","Kassite Babylon After Hammurabi","c. 1595 BCE","foundations","Babylon","Move to another Journey type","None","None","None","Story Arc — War, states, and strategy","Historically worthwhile, but narrower, more biographical, more local, or more illustrative than the finite core sequence requires.","May deepen a canonical period without becoming a prerequisite or duplicate progress-bearing lesson.","Optional-path editorial brief required."
"timeline-stub","kerma","Kingdom of Kerma in Nubia","c. 2500 BCE","foundations","Nubia (Sudan)","Adapt or rename","lesson.nubia.kerma-and-nile-world","Kerma and the Middle Nile","c. 2500–1500 BCE","World Spine — chapter 02","The topic earns core placement, with a learner-facing title, period, and scope adjusted to foreground causal and evidentiary value.","Mapped to lesson.nubia.kerma-and-nile-world; prerequisite(s): lesson.egypt.nile-state.","Source brief required; readiness: Planned."
"timeline-stub","magan_dilmun_trade","Magan, Dilmun & Gulf Copper Trade","c. 2300 BCE","foundations","Persian Gulf/Oman","Merge","lesson.bronze-age.exchange-networks","Bronze Age Exchange Networks","c. 2300–1200 BCE","World Spine — chapter 02","This node supplies useful evidence, but its explanatory work is stronger inside the broader canonical synthesis and would otherwise duplicate required progress.","Mapped to lesson.bronze-age.exchange-networks; prerequisite(s): lesson.technology.wheels-metals-and-work.","Source set identified; readiness: Ready candidate."
"timeline-stub","mari_letters","Mari and the Palace Letter Network","c. 1800 BCE","foundations","Syria/Mesopotamia","Move to another Journey type","None","None","None","Idea Trail — Ideas, expression, and interpretation","Historically worthwhile, but narrower, more biographical, more local, or more illustrative than the finite core sequence requires.","May deepen a canonical period without becoming a prerequisite or duplicate progress-bearing lesson.","Optional-path editorial brief required."
"timeline-stub","minoans","Minoan Civilization on Crete","c. 2000 BCE","foundations","Crete (Greece)","Move to another Journey type","None","None","None","Idea Trail — Ideas, expression, and interpretation","Historically worthwhile, but narrower, more biographical, more local, or more illustrative than the finite core sequence requires.","May deepen a canonical period without becoming a prerequisite or duplicate progress-bearing lesson.","Optional-path editorial brief required."
"timeline-stub","mitanni","Mitanni Horse Kingdom","c. 1500 BCE","foundations","Syria/Northern Mesopotamia","Merge","lesson.bronze-age.diplomacy-and-rivalry","Diplomacy and Rivalry in the Late Bronze Age","c. 1550–1200 BCE","World Spine — chapter 02","This node supplies useful evidence, but its explanatory work is stronger inside the broader canonical synthesis and would otherwise duplicate required progress.","Mapped to lesson.bronze-age.diplomacy-and-rivalry; prerequisite(s): lesson.bronze-age.exchange-networks.","Source brief required; readiness: Planned."
"timeline-stub","mycenaeans","Mycenaean Greece & Warrior Kings","c. 1600 BCE","foundations","Greece","Move to another Journey type","None","None","None","Story Arc — War, states, and strategy","Historically worthwhile, but narrower, more biographical, more local, or more illustrative than the finite core sequence requires.","May deepen a canonical period without becoming a prerequisite or duplicate progress-bearing lesson.","Optional-path editorial brief required."
"timeline-stub","narmer","Unification of Upper & Lower Egypt","c. 3100 BCE","foundations","Egypt","Merge","lesson.egypt.nile-state","The Nile and an Early Egyptian State","c. 3200–2700 BCE","World Spine — chapter 02","This node supplies useful evidence, but its explanatory work is stronger inside the broader canonical synthesis and would otherwise duplicate required progress.","Mapped to lesson.egypt.nile-state; prerequisite(s): lesson.uruk.first-city.","Source set identified; readiness: Ready candidate."
"timeline-stub","neolithic_revolution","The Agricultural Revolution","c. 10,000 BCE","foundations","Fertile Crescent","Reframe","lesson.farming.multiple-origins","Many Beginnings of Farming","c. 10,000–3000 BCE","World Spine — chapter 01","The topic is consequential, but the legacy title overstates a single event, inventor, cause, identity, or certainty; the canonical node teaches the broader evidence-based process.","Mapped to lesson.farming.multiple-origins; prerequisite(s): lesson.climate.holocene-transition.","Source set identified; readiness: Planned."
"timeline-stub","nuragic_sardinia","Nuragic Sardinia and Tower Societies","c. 1700 BCE","foundations","Sardinia","Move to another Journey type","None","None","None","Idea Trail — Ideas, expression, and interpretation","Historically worthwhile, but narrower, more biographical, more local, or more illustrative than the finite core sequence requires.","May deepen a canonical period without becoming a prerequisite or duplicate progress-bearing lesson.","Optional-path editorial brief required."
"timeline-stub","olmec","Olmec Civilization Rises","c. 1200 BCE","foundations","Mesoamerica","Adapt or rename","lesson.mesoamerica.olmec-world","Olmec Centers and Mesoamerican Exchange","c. 1200–400 BCE","World Spine — chapter 03","The topic earns core placement, with a learner-facing title, period, and scope adjusted to foreground causal and evidentiary value.","Mapped to lesson.mesoamerica.olmec-world; prerequisite(s): lesson.farming.multiple-origins.","Source brief required; readiness: Planned."
"timeline-stub","oracle_bones","Shang Oracle Bones & Chinese Writing","c. 1200 BCE","foundations","China","Merge","lesson.china.shang-bronze-and-writing","Shang Power, Bronze, and Oracle Bones","c. 1600–1046 BCE","World Spine — chapter 02","This node supplies useful evidence, but its explanatory work is stronger inside the broader canonical synthesis and would otherwise duplicate required progress.","Mapped to lesson.china.shang-bronze-and-writing; prerequisite(s): lesson.technology.wheels-metals-and-work.","Source set identified; readiness: Planned."
"timeline-stub","otzi","Ötzi the Iceman Lives","c. 3300 BCE","foundations","Europe","Move to another Journey type","None","None","None","Idea Trail — Evidence, invention, and environment","Historically worthwhile, but narrower, more biographical, more local, or more illustrative than the finite core sequence requires.","May deepen a canonical period without becoming a prerequisite or duplicate progress-bearing lesson.","Optional-path editorial brief required."
"timeline-stub","oxus_civilization","Oxus Civilization / BMAC","c. 2200 BCE","foundations","Central Asia","Move to another Journey type","None","None","None","Idea Trail — Ideas, expression, and interpretation","Historically worthwhile, but narrower, more biographical, more local, or more illustrative than the finite core sequence requires.","May deepen a canonical period without becoming a prerequisite or duplicate progress-bearing lesson.","Optional-path editorial brief required."
"timeline-stub","philistines","Philistines and the Post-Collapse Levant","c. 1175 BCE","foundations","Levant","Merge","lesson.bronze-age.transformation","The Late Bronze Age Transformation","c. 1250–1050 BCE","World Spine — chapter 02","This node supplies useful evidence, but its explanatory work is stronger inside the broader canonical synthesis and would otherwise duplicate required progress.","Mapped to lesson.bronze-age.transformation; prerequisite(s): lesson.bronze-age.diplomacy-and-rivalry.","Framing review; readiness: Research required."
"timeline-stub","phoenicians","Phoenician Alphabet Developed","c. 1050 BCE","foundations","Lebanon","Merge","lesson.alphabets.mediterranean-transmission","Alphabets Across the Mediterranean","c. 1100–600 BCE","World Spine — chapter 03","This node supplies useful evidence, but its explanatory work is stronger inside the broader canonical synthesis and would otherwise duplicate required progress.","Mapped to lesson.alphabets.mediterranean-transmission; prerequisite(s): lesson.writing.early-systems.","Source set identified; readiness: Planned."
"timeline-stub","proto_elamite_susa","Proto-Elamite Susa & Early Iranian Cities","c. 3200 BCE","foundations","Iran/Elam","Move to another Journey type","None","None","None","Idea Trail — Ideas, expression, and interpretation","Historically worthwhile, but narrower, more biographical, more local, or more illustrative than the finite core sequence requires.","May deepen a canonical period without becoming a prerequisite or duplicate progress-bearing lesson.","Optional-path editorial brief required."
"timeline-stub","pyramids","Great Pyramid of Giza","c. 2580 BCE","foundations","Egypt","Merge","lesson.egypt.pyramids-and-state-labor","Pyramids, Builders, and Evidence","c. 2700–2500 BCE","World Spine — chapter 02","This node supplies useful evidence, but its explanatory work is stronger inside the broader canonical synthesis and would otherwise duplicate required progress.","Mapped to lesson.egypt.pyramids-and-state-labor; prerequisite(s): lesson.egypt.nile-state.","Stage 3B direction approved; prototype review pending."
"timeline-stub","sanxingdui","Sanxingdui Bronze Culture","c. 1200 BCE","foundations","China","Merge","lesson.china.shang-bronze-and-writing","Shang Power, Bronze, and Oracle Bones","c. 1600–1046 BCE","World Spine — chapter 02","This node supplies useful evidence, but its explanatory work is stronger inside the broader canonical synthesis and would otherwise duplicate required progress.","Mapped to lesson.china.shang-bronze-and-writing; prerequisite(s): lesson.technology.wheels-metals-and-work.","Source set identified; readiness: Planned."
"timeline-stub","sargon","Sargon of Akkad: First Empire","c. 2334 BCE","foundations","Mesopotamia","Adapt or rename","lesson.mesopotamia.akkadian-empire","Akkad and the Problem of Empire","c. 2350–2150 BCE","World Spine — chapter 02","The topic earns core placement, with a learner-facing title, period, and scope adjusted to foreground causal and evidentiary value.","Mapped to lesson.mesopotamia.akkadian-empire; prerequisite(s): lesson.writing.early-systems.","Source brief required; readiness: Ready candidate."
"timeline-stub","sea_peoples","Collapse of Bronze Age / Sea Peoples","c. 1177 BCE","foundations","Mediterranean","Reframe","lesson.bronze-age.transformation","The Late Bronze Age Transformation","c. 1250–1050 BCE","World Spine — chapter 02","The topic is consequential, but the legacy title overstates a single event, inventor, cause, identity, or certainty; the canonical node teaches the broader evidence-based process.","Mapped to lesson.bronze-age.transformation; prerequisite(s): lesson.bronze-age.diplomacy-and-rivalry.","Framing review; readiness: Research required."
"timeline-stub","seima_turbino","Seima-Turbino Bronze Network","c. 1900 BCE","foundations","Siberia/Central Asia","Merge","lesson.bronze-age.exchange-networks","Bronze Age Exchange Networks","c. 2300–1200 BCE","World Spine — chapter 02","This node supplies useful evidence, but its explanatory work is stronger inside the broader canonical synthesis and would otherwise duplicate required progress.","Mapped to lesson.bronze-age.exchange-networks; prerequisite(s): lesson.technology.wheels-metals-and-work.","Source set identified; readiness: Ready candidate."
"timeline-stub","shang","Shang Dynasty & Bronze Age","c. 1600 BCE","foundations","China","Merge","lesson.china.shang-bronze-and-writing","Shang Power, Bronze, and Oracle Bones","c. 1600–1046 BCE","World Spine — chapter 02","This node supplies useful evidence, but its explanatory work is stronger inside the broader canonical synthesis and would otherwise duplicate required progress.","Mapped to lesson.china.shang-bronze-and-writing; prerequisite(s): lesson.technology.wheels-metals-and-work.","Source set identified; readiness: Planned."
"timeline-stub","sintashta_chariots","Sintashta Chariots and Steppe Warfare","c. 2000 BCE","foundations","Eurasian Steppe","Merge","lesson.steppe.chariots-and-mobility","Steppe Mobility and the Chariot","c. 2100–1500 BCE","World Spine — chapter 02","This node supplies useful evidence, but its explanatory work is stronger inside the broader canonical synthesis and would otherwise duplicate required progress.","Mapped to lesson.steppe.chariots-and-mobility; prerequisite(s): lesson.animals.domestication-and-pastoralism.","Source brief required; readiness: Planned."
"timeline-stub","steppe_metallurgy","Steppe Metallurgy and Semiyarka","c. 1600 BCE","foundations","Kazakhstan","Merge","lesson.steppe.chariots-and-mobility","Steppe Mobility and the Chariot","c. 2100–1500 BCE","World Spine — chapter 02","This node supplies useful evidence, but its explanatory work is stronger inside the broader canonical synthesis and would otherwise duplicate required progress.","Mapped to lesson.steppe.chariots-and-mobility; prerequisite(s): lesson.animals.domestication-and-pastoralism.","Source brief required; readiness: Planned."
"timeline-stub","stonehenge","Construction of Stonehenge","c. 2500 BCE","foundations","England","Move to another Journey type","None","None","None","Idea Trail — Belief, ritual, and interpretation","Historically worthwhile, but narrower, more biographical, more local, or more illustrative than the finite core sequence requires.","May deepen a canonical period without becoming a prerequisite or duplicate progress-bearing lesson.","Optional-path editorial brief required."
"timeline-stub","sumer_writing","Invention of Cuneiform","c. 3400 BCE","foundations","Mesopotamia","Keep","lesson.writing.early-systems","From Marks to Proto-Cuneiform","c. 3200–2800 BCE","World Spine — chapter 02","The implemented canonical lesson preserves this legacy concept with stable identity and approved evidence-aware scope.","Mapped to lesson.writing.early-systems; prerequisite(s): lesson.uruk.first-city.","Current approved lesson; readiness: Approved reference."
"timeline-stub","trojan_war","The Trojan War (Myth & Memory)","c. 1200 BCE","foundations","Turkey/Greece","Reframe","lesson.bronze-age.transformation","The Late Bronze Age Transformation","c. 1250–1050 BCE","World Spine — chapter 02","The topic is consequential, but the legacy title overstates a single event, inventor, cause, identity, or certainty; the canonical node teaches the broader evidence-based process.","Mapped to lesson.bronze-age.transformation; prerequisite(s): lesson.bronze-age.diplomacy-and-rivalry.","Framing review; readiness: Research required."
"timeline-stub","tut","Tutankhamun's Restoration","c. 1332 BCE","foundations","Egypt","Move to another Journey type","None","None","None","Idea Trail — Belief, ritual, and interpretation","Historically worthwhile, but narrower, more biographical, more local, or more illustrative than the finite core sequence requires.","May deepen a canonical period without becoming a prerequisite or duplicate progress-bearing lesson.","Optional-path editorial brief required."
"timeline-stub","ugarit","Ugarit and Alphabetic Cuneiform","c. 1400 BCE","foundations","Syria","Merge","lesson.alphabets.mediterranean-transmission","Alphabets Across the Mediterranean","c. 1100–600 BCE","World Spine — chapter 03","This node supplies useful evidence, but its explanatory work is stronger inside the broader canonical synthesis and would otherwise duplicate required progress.","Mapped to lesson.alphabets.mediterranean-transmission; prerequisite(s): lesson.writing.early-systems.","Source set identified; readiness: Planned."
"timeline-stub","uluburun","Uluburun Shipwreck: Bronze Age Super-Cargo","c. 1300 BCE","foundations","Mediterranean","Merge","lesson.bronze-age.exchange-networks","Bronze Age Exchange Networks","c. 2300–1200 BCE","World Spine — chapter 02","This node supplies useful evidence, but its explanatory work is stronger inside the broader canonical synthesis and would otherwise duplicate required progress.","Mapped to lesson.bronze-age.exchange-networks; prerequisite(s): lesson.technology.wheels-metals-and-work.","Source set identified; readiness: Ready candidate."
"timeline-stub","unetice_nebra","Unetice Culture and the Nebra Sky Disk","c. 1800 BCE","foundations","Central Europe","Move to another Journey type","None","None","None","Idea Trail — Belief, ritual, and interpretation","Historically worthwhile, but narrower, more biographical, more local, or more illustrative than the finite core sequence requires.","May deepen a canonical period without becoming a prerequisite or duplicate progress-bearing lesson.","Optional-path editorial brief required."
"timeline-stub","ur_standard","The Standard of Ur","c. 2600 BCE","foundations","Mesopotamia","Move to another Journey type","None","None","None","Idea Trail — Ideas, expression, and interpretation","Historically worthwhile, but narrower, more biographical, more local, or more illustrative than the finite core sequence requires.","May deepen a canonical period without becoming a prerequisite or duplicate progress-bearing lesson.","Optional-path editorial brief required."
"timeline-stub","uruk","Uruk Grows into First Big City","c. 3200 BCE","foundations","Mesopotamia","Keep","lesson.uruk.first-city","Uruk: Life in an Early City","c. 3500–3000 BCE","World Spine — chapter 02","The implemented canonical lesson preserves this legacy concept with stable identity and approved evidence-aware scope.","Mapped to lesson.uruk.first-city; prerequisite(s): lesson.farming.settlements.","Current approved lesson; readiness: Approved reference."
"timeline-stub","wheel","Invention of the Wheel","by c. 3600 BCE","foundations","Europe/Mesopotamia","Merge","lesson.technology.wheels-metals-and-work","Wheels, Metals, and Specialized Work","c. 3600–2000 BCE","World Spine — chapter 02","This node supplies useful evidence, but its explanatory work is stronger inside the broader canonical synthesis and would otherwise duplicate required progress.","Mapped to lesson.technology.wheels-metals-and-work; prerequisite(s): lesson.farming.settlements.","Framing review; readiness: Planned."
"expanded-content-only","wheel_legacy","The Wheel's Hidden Legacy","c. 3500 BCE","foundations","Mesopotamia/Eurasia","Merge","lesson.technology.wheels-metals-and-work","Wheels, Metals, and Specialized Work","c. 3600–2000 BCE","World Spine — chapter 02","This node supplies useful evidence, but its explanatory work is stronger inside the broader canonical synthesis and would otherwise duplicate required progress.","Mapped to lesson.technology.wheels-metals-and-work; prerequisite(s): lesson.farming.settlements.","Framing review; readiness: Planned."
"timeline-stub","zoroastrianism","Teachings of Zoroaster (Zarathustra)","c. 1000 BCE","foundations","Persia","Research further","lesson.iran.zoroastrian-traditions","Zoroastrian Traditions and Iranian Worlds","probably c. 1000–500 BCE; disputed","World Spine — chapter 03","The tradition is consequential, but the legacy date and origin claim exceed scholarly certainty; retain only behind a dedicated chronology review.","Mapped to lesson.iran.zoroastrian-traditions; prerequisite(s): lesson.iron-age.technology-and-states.","Framing review; readiness: Research required."
"timeline-stub","alexander","Alexander the Great's Conquests","334 BCE","classical","Macedonia/Persia","Merge","lesson.hellenistic.connected-world","Alexander's Conquests and a Hellenistic World","336–30 BCE","World Spine — chapter 04","This node supplies useful evidence, but its explanatory work is stronger inside the broader canonical synthesis and would otherwise duplicate required progress.","Mapped to lesson.hellenistic.connected-world; prerequisite(s): lesson.persia.achaemenid-empire.","Framing review; readiness: Planned."
"timeline-stub","alexandria_lib","Library of Alexandria Founded","c. 283 BCE","classical","Egypt","Merge","lesson.hellenistic.connected-world","Alexander's Conquests and a Hellenistic World","336–30 BCE","World Spine — chapter 04","This node supplies useful evidence, but its explanatory work is stronger inside the broader canonical synthesis and would otherwise duplicate required progress.","Mapped to lesson.hellenistic.connected-world; prerequisite(s): lesson.persia.achaemenid-empire.","Framing review; readiness: Planned."
"timeline-stub","aristotle_lyceum","Aristotle Teaches at the Lyceum","c. 335 BCE","classical","Greece","Merge","lesson.greece.aristotle-and-hellenistic-schools","Aristotle and the Hellenistic Schools","c. 335–100 BCE","World Spine — chapter 04","This node supplies useful evidence, but its explanatory work is stronger inside the broader canonical synthesis and would otherwise duplicate required progress.","Mapped to lesson.greece.aristotle-and-hellenistic-schools; prerequisite(s): lesson.greece.socrates-plato-and-good-life|lesson.hellenistic.connected-world.","Source set identified; readiness: Planned."
"timeline-stub","ashoka","Ashoka's Edicts","c. 268 BCE","classical","India","Adapt or rename","lesson.india.maurya-and-ashoka","The Mauryan Empire and Ashoka","c. 321–185 BCE","World Spine — chapter 04","The topic earns core placement, with a learner-facing title, period, and scope adjusted to foreground causal and evidentiary value.","Mapped to lesson.india.maurya-and-ashoka; prerequisite(s): lesson.india.buddhist-jain-challenges.","Source brief required; readiness: Planned."
"timeline-stub","augustus","Augustus & Pax Romana","27 BCE","classical","Rome","Merge","lesson.rome.mediterranean-empire","Rome's Mediterranean Empire","27 BCE–235 CE","World Spine — chapter 04","This node supplies useful evidence, but its explanatory work is stronger inside the broader canonical synthesis and would otherwise duplicate required progress.","Mapped to lesson.rome.mediterranean-empire; prerequisite(s): lesson.rome.republic-and-expansion.","Source brief required; readiness: Planned."
"timeline-stub","babylon_gardens","Nebuchadnezzar II & Hanging Gardens","c. 600 BCE","classical","Babylon","Research further","None","None","None","Investigation candidate — chronology and evidence review","Potentially memorable and revealing, but the surviving evidence does not support the legacy claim strongly enough for a core or optional brief yet.","Do not schedule until a source brief resolves authenticity, chronology, and teaching value.","Research required before destination decision."
"timeline-stub","boudica","Boudica's Revolt","60 CE","classical","Britain","Move to another Journey type","None","None","None","Story Arc — War, states, and strategy","Historically worthwhile, but narrower, more biographical, more local, or more illustrative than the finite core sequence requires.","May deepen a canonical period without becoming a prerequisite or duplicate progress-bearing lesson.","Optional-path editorial brief required."
"timeline-stub","buddha","Life of Siddhartha Gautama","c. 480 BCE","classical","India/Nepal","Merge","lesson.india.buddhist-jain-challenges","Buddhist and Jain Challenges","c. 600–300 BCE","World Spine — chapter 03","This node supplies useful evidence, but its explanatory work is stronger inside the broader canonical synthesis and would otherwise duplicate required progress.","Mapped to lesson.india.buddhist-jain-challenges; prerequisite(s): lesson.india.vedic-upanishadic-inquiry.","Source set identified; readiness: Planned."
"timeline-stub","caesar","Julius Caesar Assassinated","44 BCE","classical","Rome","Merge","lesson.rome.republic-and-expansion","The Roman Republic and Mediterranean Expansion","509–44 BCE","World Spine — chapter 03","This node supplies useful evidence, but its explanatory work is stronger inside the broader canonical synthesis and would otherwise duplicate required progress.","Mapped to lesson.rome.republic-and-expansion; prerequisite(s): lesson.greece.polis-citizenship-exclusion.","Source brief required; readiness: Planned."
"timeline-stub","chavin","Chavín Culture","c. 900 BCE","classical","Peru","Move to another Journey type","None","None","None","Idea Trail — Ideas, expression, and interpretation","Historically worthwhile, but narrower, more biographical, more local, or more illustrative than the finite core sequence requires.","May deepen a canonical period without becoming a prerequisite or duplicate progress-bearing lesson.","Optional-path editorial brief required."
"timeline-stub","cleopatra","Death of Cleopatra","30 BCE","classical","Egypt","Merge","lesson.hellenistic.connected-world","Alexander's Conquests and a Hellenistic World","336–30 BCE","World Spine — chapter 04","This node supplies useful evidence, but its explanatory work is stronger inside the broader canonical synthesis and would otherwise duplicate required progress.","Mapped to lesson.hellenistic.connected-world; prerequisite(s): lesson.persia.achaemenid-empire.","Framing review; readiness: Planned."
"timeline-stub","confucius","Confucius Teaches Ethics","c. 479 BCE","classical","China","Adapt or rename","lesson.china.confucian-daoist-legalist-debates","Hundred Schools: Competing Ways to Order Society","c. 600–221 BCE","World Spine — chapter 03","The topic earns core placement, with a learner-facing title, period, and scope adjusted to foreground causal and evidentiary value.","Mapped to lesson.china.confucian-daoist-legalist-debates; prerequisite(s): lesson.china.zhou-mandate-and-order.","Source set identified; readiness: Planned."
"timeline-stub","constantine","Constantine Legalizes Christianity","313 CE","classical","Rome","Merge","lesson.christianity.imperial-church","Christianity and Imperial Power","c. 300–500 CE","World Spine — chapter 04","This node supplies useful evidence, but its explanatory work is stronger inside the broader canonical synthesis and would otherwise duplicate required progress.","Mapped to lesson.christianity.imperial-church; prerequisite(s): lesson.christianity.jesus-and-early-movement.","Framing review; readiness: Planned."
"timeline-stub","cyrus","Cyrus the Great & Persian Empire","550 BCE","classical","Persia","Adapt or rename","lesson.persia.achaemenid-empire","The Achaemenid Persian Empire","c. 550–330 BCE","World Spine — chapter 03","The topic earns core placement, with a learner-facing title, period, and scope adjusted to foreground causal and evidentiary value.","Mapped to lesson.persia.achaemenid-empire; prerequisite(s): lesson.assyria.empire-and-deportation.","Source set identified; readiness: Planned."
"timeline-stub","david","Reign of King David","c. 1000 BCE","classical","Israel","Reframe","lesson.levant.israel-judah-evidence","Israel, Judah, Text, and Archaeology","c. 1000–586 BCE","World Spine — chapter 03","The topic is consequential, but the legacy title overstates a single event, inventor, cause, identity, or certainty; the canonical node teaches the broader evidence-based process.","Mapped to lesson.levant.israel-judah-evidence; prerequisite(s): lesson.bronze-age.transformation.","Framing review; readiness: Research required."
"timeline-stub","diocletian_split","Diocletian Splits Roman Empire","285 CE","classical","Rome","Merge","lesson.rome.crisis-and-reconfiguration","Roman Crisis and Regional Reconfiguration","235–476 CE","World Spine — chapter 04","This node supplies useful evidence, but its explanatory work is stronger inside the broader canonical synthesis and would otherwise duplicate required progress.","Mapped to lesson.rome.crisis-and-reconfiguration; prerequisite(s): lesson.rome.mediterranean-empire.","Framing review; readiness: Planned."
"timeline-stub","early_christianity","Christianity Spreads Underground","c. 150 CE","classical","Roman Empire","Merge","lesson.christianity.jesus-and-early-movement","Jesus and the Early Christian Movement","c. 20–200 CE","World Spine — chapter 04","This node supplies useful evidence, but its explanatory work is stronger inside the broader canonical synthesis and would otherwise duplicate required progress.","Mapped to lesson.christianity.jesus-and-early-movement; prerequisite(s): lesson.rome.mediterranean-empire.","Framing review; readiness: Planned."
"timeline-stub","fall_rome","Fall of Western Rome","476 CE","classical","Rome","Reframe","lesson.rome.crisis-and-reconfiguration","Roman Crisis and Regional Reconfiguration","235–476 CE","World Spine — chapter 04","The topic is consequential, but the legacy title overstates a single event, inventor, cause, identity, or certainty; the canonical node teaches the broader evidence-based process.","Mapped to lesson.rome.crisis-and-reconfiguration; prerequisite(s): lesson.rome.mediterranean-empire.","Framing review; readiness: Planned."
"timeline-stub","gupta","Gupta Golden Age (Zero Invented)","c. 320 CE","classical","India","Reframe","lesson.india.classical-debate-logic-and-knowledge","Debate, Logic, and Knowledge in Classical India","c. 200–700 CE","World Spine — chapter 04","The topic is consequential, but the legacy title overstates a single event, inventor, cause, identity, or certainty; the canonical node teaches the broader evidence-based process.","Mapped to lesson.india.classical-debate-logic-and-knowledge; prerequisite(s): lesson.india.buddhist-jain-challenges|lesson.india.maurya-and-ashoka.","Source set identified; readiness: Planned."
"timeline-stub","hadrian","Hadrian's Wall Built","122 CE","classical","Britain","Move to another Journey type","None","None","None","Story Arc — States, power, and rights","Historically worthwhile, but narrower, more biographical, more local, or more illustrative than the finite core sequence requires.","May deepen a canonical period without becoming a prerequisite or duplicate progress-bearing lesson.","Optional-path editorial brief required."
"timeline-stub","hannibal","Hannibal Crosses the Alps","218 BCE","classical","Europe","Merge","lesson.rome.republic-and-expansion","The Roman Republic and Mediterranean Expansion","509–44 BCE","World Spine — chapter 03","This node supplies useful evidence, but its explanatory work is stronger inside the broader canonical synthesis and would otherwise duplicate required progress.","Mapped to lesson.rome.republic-and-expansion; prerequisite(s): lesson.greece.polis-citizenship-exclusion.","Source brief required; readiness: Planned."
"timeline-stub","hellenistic_science","Hellenistic Science Flourishes","c. 250 BCE","classical","Egypt/Greece","Merge","lesson.hellenistic.connected-world","Alexander's Conquests and a Hellenistic World","336–30 BCE","World Spine — chapter 04","This node supplies useful evidence, but its explanatory work is stronger inside the broader canonical synthesis and would otherwise duplicate required progress.","Mapped to lesson.hellenistic.connected-world; prerequisite(s): lesson.persia.achaemenid-empire.","Framing review; readiness: Planned."
"timeline-stub","homer","Homer Composes Iliad & Odyssey","c. 750 BCE","classical","Greece","Merge","lesson.greece.epic-law-and-public-argument","From Epic Tradition to Public Argument","c. 800–500 BCE","World Spine — chapter 03","This node supplies useful evidence, but its explanatory work is stronger inside the broader canonical synthesis and would otherwise duplicate required progress.","Mapped to lesson.greece.epic-law-and-public-argument; prerequisite(s): lesson.alphabets.mediterranean-transmission.","Source set identified; readiness: Planned."
"timeline-stub","jesus","Ministry of Jesus","c. 30 CE","classical","Judea","Merge","lesson.christianity.jesus-and-early-movement","Jesus and the Early Christian Movement","c. 20–200 CE","World Spine — chapter 04","This node supplies useful evidence, but its explanatory work is stronger inside the broader canonical synthesis and would otherwise duplicate required progress.","Mapped to lesson.christianity.jesus-and-early-movement; prerequisite(s): lesson.rome.mediterranean-empire.","Framing review; readiness: Planned."
"timeline-stub","jewish_wars","Jewish Wars Against Rome","66 CE","classical","Judea","Merge","lesson.christianity.jesus-and-early-movement","Jesus and the Early Christian Movement","c. 20–200 CE","World Spine — chapter 04","This node supplies useful evidence, but its explanatory work is stronger inside the broader canonical synthesis and would otherwise duplicate required progress.","Mapped to lesson.christianity.jesus-and-early-movement; prerequisite(s): lesson.rome.mediterranean-empire.","Framing review; readiness: Planned."
"timeline-stub","marathon","Battle of Marathon","490 BCE","classical","Greece","Merge","lesson.greece.polis-citizenship-exclusion","The Greek Polis: Citizenship and Exclusion","c. 800–338 BCE","World Spine — chapter 03","This node supplies useful evidence, but its explanatory work is stronger inside the broader canonical synthesis and would otherwise duplicate required progress.","Mapped to lesson.greece.polis-citizenship-exclusion; prerequisite(s): lesson.iron-age.technology-and-states.","Framing review; readiness: Planned."
"timeline-stub","mauryan_empire","Chandragupta Founds Mauryan Empire","c. 321 BCE","classical","India","Adapt or rename","lesson.india.maurya-and-ashoka","The Mauryan Empire and Ashoka","c. 321–185 BCE","World Spine — chapter 04","The topic earns core placement, with a learner-facing title, period, and scope adjusted to foreground causal and evidentiary value.","Mapped to lesson.india.maurya-and-ashoka; prerequisite(s): lesson.india.buddhist-jain-challenges.","Source brief required; readiness: Planned."
"timeline-stub","mayan_classic","Mayan Classic Period Peak","c. 250 CE","classical","Mesoamerica","Adapt or rename","lesson.mesoamerica.classic-maya","Classic Maya Cities and Knowledge","c. 250–800 CE","World Spine — chapter 04","The topic earns core placement, with a learner-facing title, period, and scope adjusted to foreground causal and evidentiary value.","Mapped to lesson.mesoamerica.classic-maya; prerequisite(s): lesson.mesoamerica.olmec-world.","Source brief required; readiness: Planned."
"timeline-stub","nicene_council","Council of Nicaea","325 CE","classical","Rome","Merge","lesson.christianity.imperial-church","Christianity and Imperial Power","c. 300–500 CE","World Spine — chapter 04","This node supplies useful evidence, but its explanatory work is stronger inside the broader canonical synthesis and would otherwise duplicate required progress.","Mapped to lesson.christianity.imperial-church; prerequisite(s): lesson.christianity.jesus-and-early-movement.","Framing review; readiness: Planned."
"timeline-stub","nineveh","Library of Ashurbanipal","c. 660 BCE","classical","Assyria","Adapt or rename","lesson.assyria.empire-and-deportation","Assyria: Empire, Administration, and Deportation","c. 900–609 BCE","World Spine — chapter 03","The topic earns core placement, with a learner-facing title, period, and scope adjusted to foreground causal and evidentiary value.","Mapped to lesson.assyria.empire-and-deportation; prerequisite(s): lesson.iron-age.technology-and-states.","Source brief required; readiness: Planned."
"timeline-stub","olympics","First Olympic Games in Greece","776 BCE","classical","Greece","Merge","lesson.greece.polis-citizenship-exclusion","The Greek Polis: Citizenship and Exclusion","c. 800–338 BCE","World Spine — chapter 03","This node supplies useful evidence, but its explanatory work is stronger inside the broader canonical synthesis and would otherwise duplicate required progress.","Mapped to lesson.greece.polis-citizenship-exclusion; prerequisite(s): lesson.iron-age.technology-and-states.","Framing review; readiness: Planned."
"timeline-stub","paper","Cai Lun Invents Paper","105 CE","classical","China","Reframe","lesson.knowledge.paper-numbers-and-administration","Paper, Numbers, and Durable Knowledge","c. 100–650 CE","World Spine — chapter 04","The topic is consequential, but the legacy title overstates a single event, inventor, cause, identity, or certainty; the canonical node teaches the broader evidence-based process.","Mapped to lesson.knowledge.paper-numbers-and-administration; prerequisite(s): lesson.writing.early-systems.","Framing review; readiness: Planned."
"timeline-stub","parthian_empire","Rise of the Parthian Empire","247 BCE","classical","Persia","Merge","lesson.iran-rome.frontier-empires","Sasanian Iran and the Roman East","224–628 CE","World Spine — chapter 04","This node supplies useful evidence, but its explanatory work is stronger inside the broader canonical synthesis and would otherwise duplicate required progress.","Mapped to lesson.iran-rome.frontier-empires; prerequisite(s): lesson.persia.achaemenid-empire.","Source brief required; readiness: Planned."
"timeline-stub","peloponnesian_war","Peloponnesian War Begins","431 BCE","classical","Greece","Merge","lesson.greece.polis-citizenship-exclusion","The Greek Polis: Citizenship and Exclusion","c. 800–338 BCE","World Spine — chapter 03","This node supplies useful evidence, but its explanatory work is stronger inside the broader canonical synthesis and would otherwise duplicate required progress.","Mapped to lesson.greece.polis-citizenship-exclusion; prerequisite(s): lesson.iron-age.technology-and-states.","Framing review; readiness: Planned."
"timeline-stub","pericles","Golden Age of Athens (Pericles)","c. 450 BCE","classical","Greece","Merge","lesson.greece.polis-citizenship-exclusion","The Greek Polis: Citizenship and Exclusion","c. 800–338 BCE","World Spine — chapter 03","This node supplies useful evidence, but its explanatory work is stronger inside the broader canonical synthesis and would otherwise duplicate required progress.","Mapped to lesson.greece.polis-citizenship-exclusion; prerequisite(s): lesson.iron-age.technology-and-states.","Framing review; readiness: Planned."
"timeline-stub","plato_academy","Plato Founds the Academy","c. 387 BCE","classical","Greece","Merge","lesson.greece.socrates-plato-and-good-life","Socrates and Plato: How Should We Live?","c. 470–347 BCE","World Spine — chapter 03","This node supplies useful evidence, but its explanatory work is stronger inside the broader canonical synthesis and would otherwise duplicate required progress.","Mapped to lesson.greece.socrates-plato-and-good-life; prerequisite(s): lesson.greece.epic-law-and-public-argument|lesson.greece.polis-citizenship-exclusion.","Source set identified; readiness: Planned."
"timeline-stub","pompeii","Destruction of Pompeii","79 CE","classical","Italy","Merge","lesson.rome.mediterranean-empire","Rome's Mediterranean Empire","27 BCE–235 CE","World Spine — chapter 04","This node supplies useful evidence, but its explanatory work is stronger inside the broader canonical synthesis and would otherwise duplicate required progress.","Mapped to lesson.rome.mediterranean-empire; prerequisite(s): lesson.rome.republic-and-expansion.","Source brief required; readiness: Planned."
"timeline-stub","qin_shi_huang","Qin Shi Huang Unifies China","221 BCE","classical","China","Merge","lesson.china.qin-unification","Qin Unification and Its Costs","221–206 BCE","World Spine — chapter 04","This node supplies useful evidence, but its explanatory work is stronger inside the broader canonical synthesis and would otherwise duplicate required progress.","Mapped to lesson.china.qin-unification; prerequisite(s): lesson.china.confucian-daoist-legalist-debates.","Source brief required; readiness: Planned."
"timeline-stub","roman_engineering","Roman Engineering & Concrete","c. 100 CE","classical","Rome","Merge","lesson.rome.mediterranean-empire","Rome's Mediterranean Empire","27 BCE–235 CE","World Spine — chapter 04","This node supplies useful evidence, but its explanatory work is stronger inside the broader canonical synthesis and would otherwise duplicate required progress.","Mapped to lesson.rome.mediterranean-empire; prerequisite(s): lesson.rome.republic-and-expansion.","Source brief required; readiness: Planned."
"timeline-stub","roman_republic","Roman Republic Established","509 BCE","classical","Rome","Merge","lesson.rome.republic-and-expansion","The Roman Republic and Mediterranean Expansion","509–44 BCE","World Spine — chapter 03","This node supplies useful evidence, but its explanatory work is stronger inside the broader canonical synthesis and would otherwise duplicate required progress.","Mapped to lesson.rome.republic-and-expansion; prerequisite(s): lesson.greece.polis-citizenship-exclusion.","Source brief required; readiness: Planned."
"timeline-stub","rome_founded","Founding of Rome","c. 753 BCE","classical","Italy","Merge","lesson.greece.polis-citizenship-exclusion","The Greek Polis: Citizenship and Exclusion","c. 800–338 BCE","World Spine — chapter 03","This node supplies useful evidence, but its explanatory work is stronger inside the broader canonical synthesis and would otherwise duplicate required progress.","Mapped to lesson.greece.polis-citizenship-exclusion; prerequisite(s): lesson.iron-age.technology-and-states.","Framing review; readiness: Planned."
"timeline-stub","sassanian_empire","Sassanian Empire Founded","224 CE","classical","Persia","Merge","lesson.iran-rome.frontier-empires","Sasanian Iran and the Roman East","224–628 CE","World Spine — chapter 04","This node supplies useful evidence, but its explanatory work is stronger inside the broader canonical synthesis and would otherwise duplicate required progress.","Mapped to lesson.iran-rome.frontier-empires; prerequisite(s): lesson.persia.achaemenid-empire.","Source brief required; readiness: Planned."
"timeline-stub","silk_road","Han Dynasty Opens Silk Road","c. 130 BCE","classical","China/Central Asia","Adapt or rename","lesson.china.han-state-and-silk-roads","The Han State and Early Silk Roads","206 BCE–220 CE","World Spine — chapter 04","The topic earns core placement, with a learner-facing title, period, and scope adjusted to foreground causal and evidentiary value.","Mapped to lesson.china.han-state-and-silk-roads; prerequisite(s): lesson.china.qin-unification.","Source set identified; readiness: Planned."
"timeline-stub","socrates","Trial of Socrates","399 BCE","classical","Greece","Merge","lesson.greece.socrates-plato-and-good-life","Socrates and Plato: How Should We Live?","c. 470–347 BCE","World Spine — chapter 03","This node supplies useful evidence, but its explanatory work is stronger inside the broader canonical synthesis and would otherwise duplicate required progress.","Mapped to lesson.greece.socrates-plato-and-good-life; prerequisite(s): lesson.greece.epic-law-and-public-argument|lesson.greece.polis-citizenship-exclusion.","Source set identified; readiness: Planned."
"timeline-stub","teotihuacan","Teotihuacan City Flourishes","c. 250 CE","classical","Mesoamerica","Adapt or rename","lesson.mesoamerica.teotihuacan-metropolis","Teotihuacan: A Mesoamerican Metropolis","c. 1–550 CE","World Spine — chapter 04","The topic earns core placement, with a learner-facing title, period, and scope adjusted to foreground causal and evidentiary value.","Mapped to lesson.mesoamerica.teotihuacan-metropolis; prerequisite(s): lesson.mesoamerica.olmec-world.","Source brief required; readiness: Planned."
"timeline-stub","terracotta","Terracotta Army Buried","210 BCE","classical","China","Merge","lesson.china.qin-unification","Qin Unification and Its Costs","221–206 BCE","World Spine — chapter 04","This node supplies useful evidence, but its explanatory work is stronger inside the broader canonical synthesis and would otherwise duplicate required progress.","Mapped to lesson.china.qin-unification; prerequisite(s): lesson.china.confucian-daoist-legalist-debates.","Source brief required; readiness: Planned."
"timeline-stub","alfred","Alfred the Great Defends Wessex","878 CE","early_medieval","England","Move to another Journey type","None","None","None","Story Arc — War, states, and strategy","Historically worthwhile, but narrower, more biographical, more local, or more illustrative than the finite core sequence requires.","May deepen a canonical period without becoming a prerequisite or duplicate progress-bearing lesson.","Optional-path editorial brief required."
"timeline-stub","an_lushan","An Lushan Rebellion","755 CE","early_medieval","China","Merge","lesson.china.tang-cosmopolitan-empire","Tang China and a Cosmopolitan Empire","618–907 CE","World Spine — chapter 05","This node supplies useful evidence, but its explanatory work is stronger inside the broader canonical synthesis and would otherwise duplicate required progress.","Mapped to lesson.china.tang-cosmopolitan-empire; prerequisite(s): lesson.china.han-state-and-silk-roads|lesson.china.han-confucian-imperial-synthesis.","Source brief required; readiness: Planned."
"timeline-stub","arthur","Legends of King Arthur","c. 500 CE","early_medieval","Britain","Move to another Journey type","None","None","None","Idea Trail — Ideas, expression, and interpretation","Historically worthwhile, but narrower, more biographical, more local, or more illustrative than the finite core sequence requires.","May deepen a canonical period without becoming a prerequisite or duplicate progress-bearing lesson.","Optional-path editorial brief required."
"timeline-stub","battle_talas","Battle of Talas","751 CE","early_medieval","Central Asia","Adapt or rename","lesson.indian-ocean.monsoon-network","The Monsoon Indian Ocean","c. 600–1000 CE","World Spine — chapter 05","The topic earns core placement, with a learner-facing title, period, and scope adjusted to foreground causal and evidentiary value.","Mapped to lesson.indian-ocean.monsoon-network; prerequisite(s): lesson.africa.aksum-red-sea.","Source brief required; readiness: Planned."
"timeline-stub","carolingian_renaissance","Carolingian Renaissance","c. 800 CE","early_medieval","Europe","Merge","lesson.europe.lords-churches-and-towns","Lords, Churches, and Growing Towns","c. 1000–1250 CE","World Spine — chapter 06","This node supplies useful evidence, but its explanatory work is stronger inside the broader canonical synthesis and would otherwise duplicate required progress.","Mapped to lesson.europe.lords-churches-and-towns; prerequisite(s): None.","Framing review; readiness: Planned."
"timeline-stub","charlemagne","Charlemagne Crowned Emperor","800 CE","early_medieval","Europe","Merge","lesson.europe.lords-churches-and-towns","Lords, Churches, and Growing Towns","c. 1000–1250 CE","World Spine — chapter 06","This node supplies useful evidence, but its explanatory work is stronger inside the broader canonical synthesis and would otherwise duplicate required progress.","Mapped to lesson.europe.lords-churches-and-towns; prerequisite(s): None.","Framing review; readiness: Planned."
"timeline-stub","clovis","Clovis Unites the Franks","509 CE","early_medieval","France","Move to another Journey type","None","None","None","Story Arc — States, power, and rights","Historically worthwhile, but narrower, more biographical, more local, or more illustrative than the finite core sequence requires.","May deepen a canonical period without becoming a prerequisite or duplicate progress-bearing lesson.","Optional-path editorial brief required."
"timeline-stub","erik_red","Erik the Red Settles Greenland","985 CE","early_medieval","North Atlantic","Merge","lesson.north-atlantic.viking-mobility","Viking-Age Mobility and Exchange","c. 750–1100 CE","World Spine — chapter 05","This node supplies useful evidence, but its explanatory work is stronger inside the broader canonical synthesis and would otherwise duplicate required progress.","Mapped to lesson.north-atlantic.viking-mobility; prerequisite(s): None.","Framing review; readiness: Planned."
"timeline-stub","feudalism_system","Feudalism Emerges in Europe","c. 900 CE","early_medieval","Europe","Reframe","lesson.europe.lords-churches-and-towns","Lords, Churches, and Growing Towns","c. 1000–1250 CE","World Spine — chapter 06","The topic is consequential, but the legacy title overstates a single event, inventor, cause, identity, or certainty; the canonical node teaches the broader evidence-based process.","Mapped to lesson.europe.lords-churches-and-towns; prerequisite(s): None.","Framing review; readiness: Planned."
"timeline-stub","ghana","Ghana Empire (Gold & Salt)","c. 900 CE","early_medieval","West Africa","Adapt or rename","lesson.west-africa.ghana-and-sahara","Ghana and Trans-Saharan Exchange","c. 700–1100 CE","World Spine — chapter 05","The topic earns core placement, with a learner-facing title, period, and scope adjusted to foreground causal and evidentiary value.","Mapped to lesson.west-africa.ghana-and-sahara; prerequisite(s): lesson.farming.multiple-origins.","Source set identified; readiness: Planned."
"timeline-stub","gunpowder","Invention of Gunpowder","c. 850 CE","early_medieval","China","Merge","lesson.china.song-commercial-revolution","Song China's Commercial Revolution","960–1279 CE","World Spine — chapter 06","This node supplies useful evidence, but its explanatory work is stronger inside the broader canonical synthesis and would otherwise duplicate required progress.","Mapped to lesson.china.song-commercial-revolution; prerequisite(s): lesson.china.tang-cosmopolitan-empire.","Source brief required; readiness: Planned."
"timeline-stub","house_wisdom","House of Wisdom Founded","c. 750 CE","early_medieval","Baghdad","Adapt or rename","lesson.baghdad.abbasid-knowledge-networks","Baghdad and Abbasid Knowledge Networks","c. 750–1000 CE","World Spine — chapter 05","The topic earns core placement, with a learner-facing title, period, and scope adjusted to foreground causal and evidentiary value.","Mapped to lesson.baghdad.abbasid-knowledge-networks; prerequisite(s): lesson.caliphates.expansion-and-governance.","Framing review; readiness: Planned."
"timeline-stub","iconoclasm","Byzantine Iconoclasm Crisis","726 CE","early_medieval","Byzantium","Move to another Journey type","None","None","None","Idea Trail — Belief, ritual, and interpretation","Historically worthwhile, but narrower, more biographical, more local, or more illustrative than the finite core sequence requires.","May deepen a canonical period without becoming a prerequisite or duplicate progress-bearing lesson.","Optional-path editorial brief required."
"timeline-stub","islam_origins","Muhammad & Origins of Islam","610 CE","early_medieval","Arabia","Adapt or rename","lesson.islam.origins-and-community","The Origins of Islam","c. 570–632 CE","World Spine — chapter 05","The topic earns core placement, with a learner-facing title, period, and scope adjusted to foreground causal and evidentiary value.","Mapped to lesson.islam.origins-and-community; prerequisite(s): lesson.iran-rome.frontier-empires.","Framing review; readiness: Planned."
"timeline-stub","justinian","Justinian Code & Hagia Sophia","537 CE","early_medieval","Byzantium","Adapt or rename","lesson.byzantium.justinian-law-and-empire","Justinian's Byzantium: Law, Building, and War","527–565 CE","World Spine — chapter 05","The topic earns core placement, with a learner-facing title, period, and scope adjusted to foreground causal and evidentiary value.","Mapped to lesson.byzantium.justinian-law-and-empire; prerequisite(s): lesson.rome.crisis-and-reconfiguration.","Source brief required; readiness: Planned."
"timeline-stub","khmer","Jayavarman II Founds Khmer Empire","802 CE","early_medieval","Cambodia","Adapt or rename","lesson.southeast-asia.khmer-water-and-power","Khmer States, Water, and Angkor","c. 800–1300 CE","World Spine — chapter 05","The topic earns core placement, with a learner-facing title, period, and scope adjusted to foreground causal and evidentiary value.","Mapped to lesson.southeast-asia.khmer-water-and-power; prerequisite(s): lesson.indian-ocean.monsoon-network.","Source brief required; readiness: Planned."
"timeline-stub","lindisfarne","Vikings Raid Lindisfarne","793 CE","early_medieval","England","Merge","lesson.north-atlantic.viking-mobility","Viking-Age Mobility and Exchange","c. 750–1100 CE","World Spine — chapter 05","This node supplies useful evidence, but its explanatory work is stronger inside the broader canonical synthesis and would otherwise duplicate required progress.","Mapped to lesson.north-atlantic.viking-mobility; prerequisite(s): None.","Framing review; readiness: Planned."
"timeline-stub","maya_collapse","Classic Maya Cities Decline","c. 900 CE","early_medieval","Mesoamerica","Move to another Journey type","None","None","None","Idea Trail — Evidence, invention, and environment","Historically worthwhile, but narrower, more biographical, more local, or more illustrative than the finite core sequence requires.","May deepen a canonical period without becoming a prerequisite or duplicate progress-bearing lesson.","Optional-path editorial brief required."
"timeline-stub","nara_period","Nara Period & Tōdai-ji Temple","710 CE","early_medieval","Japan","Adapt or rename","lesson.japan.buddhism-and-court-state","Buddhism and the Japanese Court State","c. 600–900 CE","World Spine — chapter 05","The topic earns core placement, with a learner-facing title, period, and scope adjusted to foreground causal and evidentiary value.","Mapped to lesson.japan.buddhism-and-court-state; prerequisite(s): lesson.china.han-state-and-silk-roads.","Source brief required; readiness: Planned."
"timeline-stub","plague_justinian","Plague of Justinian","541 CE","early_medieval","Europe/Asia","Adapt or rename","lesson.disease.first-plague-pandemic","The First Plague Pandemic","541–c. 750 CE","World Spine — chapter 05","The topic earns core placement, with a learner-facing title, period, and scope adjusted to foreground causal and evidentiary value.","Mapped to lesson.disease.first-plague-pandemic; prerequisite(s): lesson.byzantium.justinian-law-and-empire.","Framing review; readiness: Research required."
"timeline-stub","polynesian_settlement","Polynesians Reach New Zealand","c. 900 CE","early_medieval","Pacific","Replace","lesson.pacific.polynesian-voyaging","Polynesian Voyaging and Settlement","c. 800–1300 CE","World Spine — chapter 05","The legacy chronology is materially wrong; replace it with the evidence-based long-range Pacific voyaging node and corrected settlement dates.","Mapped to lesson.pacific.polynesian-voyaging; prerequisite(s): None.","Framing review; readiness: Research required."
"timeline-stub","sui_canal","Grand Canal of China Built","605 CE","early_medieval","China","Move to another Journey type","None","None","None","Idea Trail — Evidence, invention, and environment","Historically worthwhile, but narrower, more biographical, more local, or more illustrative than the finite core sequence requires.","May deepen a canonical period without becoming a prerequisite or duplicate progress-bearing lesson.","Optional-path editorial brief required."
"timeline-stub","tang_dynasty","Tang Dynasty Golden Age","618 CE","early_medieval","China","Merge","lesson.china.tang-cosmopolitan-empire","Tang China and a Cosmopolitan Empire","618–907 CE","World Spine — chapter 05","This node supplies useful evidence, but its explanatory work is stronger inside the broader canonical synthesis and would otherwise duplicate required progress.","Mapped to lesson.china.tang-cosmopolitan-empire; prerequisite(s): lesson.china.han-state-and-silk-roads|lesson.china.han-confucian-imperial-synthesis.","Source brief required; readiness: Planned."
"timeline-stub","tours","Battle of Tours","732 CE","early_medieval","France","Merge","lesson.caliphates.expansion-and-governance","Caliphates: Expansion, Rule, and Diversity","632–750 CE","World Spine — chapter 05","This node supplies useful evidence, but its explanatory work is stronger inside the broader canonical synthesis and would otherwise duplicate required progress.","Mapped to lesson.caliphates.expansion-and-governance; prerequisite(s): lesson.islam.origins-and-community.","Source brief required; readiness: Planned."
"timeline-stub","umayyad_caliphate","Umayyad Caliphate Expands","661 CE","early_medieval","Middle East","Merge","lesson.caliphates.expansion-and-governance","Caliphates: Expansion, Rule, and Diversity","632–750 CE","World Spine — chapter 05","This node supplies useful evidence, but its explanatory work is stronger inside the broader canonical synthesis and would otherwise duplicate required progress.","Mapped to lesson.caliphates.expansion-and-governance; prerequisite(s): lesson.islam.origins-and-community.","Source brief required; readiness: Planned."
"timeline-stub","viking_trade","Viking Trade Networks","c. 850 CE","early_medieval","Northern Europe","Merge","lesson.north-atlantic.viking-mobility","Viking-Age Mobility and Exchange","c. 750–1100 CE","World Spine — chapter 05","This node supplies useful evidence, but its explanatory work is stronger inside the broader canonical synthesis and would otherwise duplicate required progress.","Mapped to lesson.north-atlantic.viking-mobility; prerequisite(s): None.","Framing review; readiness: Planned."
"timeline-stub","wu_zetian","Empress Wu Zetian","690 CE","early_medieval","China","Merge","lesson.china.tang-cosmopolitan-empire","Tang China and a Cosmopolitan Empire","618–907 CE","World Spine — chapter 05","This node supplies useful evidence, but its explanatory work is stronger inside the broader canonical synthesis and would otherwise duplicate required progress.","Mapped to lesson.china.tang-cosmopolitan-empire; prerequisite(s): lesson.china.han-state-and-silk-roads|lesson.china.han-confucian-imperial-synthesis.","Source brief required; readiness: Planned."
"timeline-stub","agricultural_revolution_medieval","Medieval Agricultural Revolution","c. 1000 CE","high_medieval","Europe","Merge","lesson.europe.lords-churches-and-towns","Lords, Churches, and Growing Towns","c. 1000–1250 CE","World Spine — chapter 06","This node supplies useful evidence, but its explanatory work is stronger inside the broader canonical synthesis and would otherwise duplicate required progress.","Mapped to lesson.europe.lords-churches-and-towns; prerequisite(s): None.","Framing review; readiness: Planned."
"timeline-stub","angkor_wat","Construction of Angkor Wat","c. 1113 CE","high_medieval","Cambodia","Move to another Journey type","None","None","None","Idea Trail — Ideas, expression, and interpretation","Historically worthwhile, but narrower, more biographical, more local, or more illustrative than the finite core sequence requires.","May deepen a canonical period without becoming a prerequisite or duplicate progress-bearing lesson.","Optional-path editorial brief required."
"timeline-stub","aquinas","Thomas Aquinas: Summa Theologica","1274 CE","high_medieval","Italy","Merge","lesson.medieval.faith-reason-and-schools","Faith, Reason, and the Medieval Schools","c. 1088–1300 CE","World Spine — chapter 06","The legacy node contributes important evidence, but its causal value is clearer inside the cross-tradition faith, reason, translation, and school-institution sequence.","Mapped to lesson.medieval.faith-reason-and-schools; prerequisite(s): lesson.islam.reason-revelation-and-law|lesson.judaism.rabbinic-argument-and-diaspora|lesson.europe.lords-churches-and-towns.","Source set identified; readiness: Planned."
"timeline-stub","aztec_empire","Aztec Triple Alliance Forms","1428 CE","high_medieval","Mexico","Move to another Journey type","None","None","None","Story Arc — War, states, and strategy","Historically worthwhile, but narrower, more biographical, more local, or more illustrative than the finite core sequence requires.","May deepen a canonical period without becoming a prerequisite or duplicate progress-bearing lesson.","Optional-path editorial brief required."
"timeline-stub","baghdad_sack","Mongol Siege of Baghdad","1258 CE","high_medieval","Iraq","Move to another Journey type","None","None","None","Story Arc — War, states, and strategy","Historically worthwhile, but narrower, more biographical, more local, or more illustrative than the finite core sequence requires.","May deepen a canonical period without becoming a prerequisite or duplicate progress-bearing lesson.","Optional-path editorial brief required."
"timeline-stub","black_death","The Black Death Peaked","1347 CE","high_medieval","Europe/Asia","Move to another Journey type","None","None","None","Idea Trail — Evidence, invention, and environment","Historically worthwhile, but narrower, more biographical, more local, or more illustrative than the finite core sequence requires.","May deepen a canonical period without becoming a prerequisite or duplicate progress-bearing lesson.","Optional-path editorial brief required."
"timeline-stub","black_death_aftermath","After the Plague: Social Revolution","c. 1360 CE","high_medieval","Europe","Move to another Journey type","None","None","None","Story Arc — States, power, and rights","Historically worthwhile, but narrower, more biographical, more local, or more illustrative than the finite core sequence requires.","May deepen a canonical period without becoming a prerequisite or duplicate progress-bearing lesson.","Optional-path editorial brief required."
"timeline-stub","chucer","Chaucer: Canterbury Tales","c. 1387 CE","high_medieval","England","Move to another Journey type","None","None","None","Idea Trail — Ideas, expression, and interpretation","Historically worthwhile, but narrower, more biographical, more local, or more illustrative than the finite core sequence requires.","May deepen a canonical period without becoming a prerequisite or duplicate progress-bearing lesson.","Optional-path editorial brief required."
"timeline-stub","crusades","The First Crusade","1096 CE","high_medieval","Middle East","Move to another Journey type","None","None","None","Idea Trail — Belief, ritual, and interpretation","Historically worthwhile, but narrower, more biographical, more local, or more illustrative than the finite core sequence requires.","May deepen a canonical period without becoming a prerequisite or duplicate progress-bearing lesson.","Optional-path editorial brief required."
"timeline-stub","delhi_sultanate","Delhi Sultanate Founded","1206 CE","high_medieval","India","Move to another Journey type","None","None","None","Idea Trail — Belief, ritual, and interpretation","Historically worthwhile, but narrower, more biographical, more local, or more illustrative than the finite core sequence requires.","May deepen a canonical period without becoming a prerequisite or duplicate progress-bearing lesson.","Optional-path editorial brief required."
"timeline-stub","forbidden_city","Forbidden City Completed","1420 CE","high_medieval","China","Move to another Journey type","None","None","None","Idea Trail — Ideas, expression, and interpretation","Historically worthwhile, but narrower, more biographical, more local, or more illustrative than the finite core sequence requires.","May deepen a canonical period without becoming a prerequisite or duplicate progress-bearing lesson.","Optional-path editorial brief required."
"timeline-stub","genghis","Genghis Khan Unites Mongols","1206 CE","high_medieval","Mongolia","Move to another Journey type","None","None","None","Story Arc — War, states, and strategy","Historically worthwhile, but narrower, more biographical, more local, or more illustrative than the finite core sequence requires.","May deepen a canonical period without becoming a prerequisite or duplicate progress-bearing lesson.","Optional-path editorial brief required."
"timeline-stub","gothic_engineering","Gothic Cathedrals & Engineering","c. 1150 CE","high_medieval","Europe","Move to another Journey type","None","None","None","Idea Trail — Ideas, expression, and interpretation","Historically worthwhile, but narrower, more biographical, more local, or more illustrative than the finite core sequence requires.","May deepen a canonical period without becoming a prerequisite or duplicate progress-bearing lesson.","Optional-path editorial brief required."
"timeline-stub","great_zimbabwe","Great Zimbabwe Flourishes","c. 1300 CE","high_medieval","Southern Africa","Move to another Journey type","None","None","None","Idea Trail — Ideas, expression, and interpretation","Historically worthwhile, but narrower, more biographical, more local, or more illustrative than the finite core sequence requires.","May deepen a canonical period without becoming a prerequisite or duplicate progress-bearing lesson.","Optional-path editorial brief required."
"timeline-stub","hanseatic_league","Hanseatic League Forms","c. 1200 CE","high_medieval","Northern Europe","Move to another Journey type","None","None","None","Story Arc — States, power, and rights","Historically worthwhile, but narrower, more biographical, more local, or more illustrative than the finite core sequence requires.","May deepen a canonical period without becoming a prerequisite or duplicate progress-bearing lesson.","Optional-path editorial brief required."
"timeline-stub","hastings","Battle of Hastings","1066 CE","high_medieval","England","Move to another Journey type","None","None","None","Story Arc — War, states, and strategy","Historically worthwhile, but narrower, more biographical, more local, or more illustrative than the finite core sequence requires.","May deepen a canonical period without becoming a prerequisite or duplicate progress-bearing lesson.","Optional-path editorial brief required."
"timeline-stub","hildegard","Hildegard of Bingen","c. 1150 CE","high_medieval","Germany","Move to another Journey type","None","None","None","Idea Trail — Belief, ritual, and interpretation","Historically worthwhile, but narrower, more biographical, more local, or more illustrative than the finite core sequence requires.","May deepen a canonical period without becoming a prerequisite or duplicate progress-bearing lesson.","Optional-path editorial brief required."
"timeline-stub","hundred_years","Hundred Years' War Begins","1337 CE","high_medieval","France/England","Move to another Journey type","None","None","None","Story Arc — War, states, and strategy","Historically worthwhile, but narrower, more biographical, more local, or more illustrative than the finite core sequence requires.","May deepen a canonical period without becoming a prerequisite or duplicate progress-bearing lesson.","Optional-path editorial brief required."
"timeline-stub","inca_pachacuti","Pachacuti Expands Inca Empire","1438 CE","high_medieval","Peru","Move to another Journey type","None","None","None","Story Arc — War, states, and strategy","Historically worthwhile, but narrower, more biographical, more local, or more illustrative than the finite core sequence requires.","May deepen a canonical period without becoming a prerequisite or duplicate progress-bearing lesson.","Optional-path editorial brief required."
"timeline-stub","joan_arc","Joan of Arc Executed","1431 CE","high_medieval","France","Move to another Journey type","None","None","None","Idea Trail — Belief, ritual, and interpretation","Historically worthwhile, but narrower, more biographical, more local, or more illustrative than the finite core sequence requires.","May deepen a canonical period without becoming a prerequisite or duplicate progress-bearing lesson.","Optional-path editorial brief required."
"timeline-stub","kamakura","Kamakura Shogunate in Japan","1185 CE","high_medieval","Japan","Move to another Journey type","None","None","None","Story Arc — War, states, and strategy","Historically worthwhile, but narrower, more biographical, more local, or more illustrative than the finite core sequence requires.","May deepen a canonical period without becoming a prerequisite or duplicate progress-bearing lesson.","Optional-path editorial brief required."
"timeline-stub","leif","Leif Erikson Reaches Vinland","c. 1000 CE","high_medieval","North America","Merge","lesson.north-atlantic.viking-mobility","Viking-Age Mobility and Exchange","c. 750–1100 CE","World Spine — chapter 05","This node supplies useful evidence, but its explanatory work is stronger inside the broader canonical synthesis and would otherwise duplicate required progress.","Mapped to lesson.north-atlantic.viking-mobility; prerequisite(s): None.","Framing review; readiness: Planned."
"timeline-stub","magna_carta","Magna Carta Signed","1215 CE","high_medieval","England","Move to another Journey type","None","None","None","Story Arc — States, power, and rights","Historically worthwhile, but narrower, more biographical, more local, or more illustrative than the finite core sequence requires.","May deepen a canonical period without becoming a prerequisite or duplicate progress-bearing lesson.","Optional-path editorial brief required."
"timeline-stub","mali_empire","Mansa Musa's Pilgrimage","1324 CE","high_medieval","West Africa","Merge","lesson.west-africa.mali-and-mansa-musa","Mali, Mansa Musa, and a Scholarly Sahel","c. 1230–1500 CE","World Spine — chapter 06","This node supplies useful evidence, but its explanatory work is stronger inside the broader canonical synthesis and would otherwise duplicate required progress.","Mapped to lesson.west-africa.mali-and-mansa-musa; prerequisite(s): lesson.west-africa.ghana-and-sahara.","Source set identified; readiness: Planned."
"timeline-stub","marco_polo","Travels of Marco Polo","1271 CE","high_medieval","Asia","Move to another Journey type","None","None","None","Story Arc — Movement, encounter, and exchange","Historically worthwhile, but narrower, more biographical, more local, or more illustrative than the finite core sequence requires.","May deepen a canonical period without becoming a prerequisite or duplicate progress-bearing lesson.","Optional-path editorial brief required."
"timeline-stub","reconquista","The Reconquista Intensifies","c. 1085 CE","high_medieval","Spain","Move to another Journey type","None","None","None","Idea Trail — Belief, ritual, and interpretation","Historically worthwhile, but narrower, more biographical, more local, or more illustrative than the finite core sequence requires.","May deepen a canonical period without becoming a prerequisite or duplicate progress-bearing lesson.","Optional-path editorial brief required."
"timeline-stub","saladin","Saladin Recaptures Jerusalem","1187 CE","high_medieval","Middle East","Move to another Journey type","None","None","None","Story Arc — War, states, and strategy","Historically worthwhile, but narrower, more biographical, more local, or more illustrative than the finite core sequence requires.","May deepen a canonical period without becoming a prerequisite or duplicate progress-bearing lesson.","Optional-path editorial brief required."
"timeline-stub","schism","The Great Schism","1054 CE","high_medieval","Europe","Adapt or rename","lesson.mediterranean.crusades-and-contact","The Crusades and Mediterranean Contact","1095–1291 CE","World Spine — chapter 06","The topic earns core placement, with a learner-facing title, period, and scope adjusted to foreground causal and evidentiary value.","Mapped to lesson.mediterranean.crusades-and-contact; prerequisite(s): lesson.caliphates.expansion-and-governance.","Framing review; readiness: Planned."
"timeline-stub","song_dynasty","Song Dynasty & Paper Money","960 CE","high_medieval","China","Merge","lesson.china.song-commercial-revolution","Song China's Commercial Revolution","960–1279 CE","World Spine — chapter 06","This node supplies useful evidence, but its explanatory work is stronger inside the broader canonical synthesis and would otherwise duplicate required progress.","Mapped to lesson.china.song-commercial-revolution; prerequisite(s): lesson.china.tang-cosmopolitan-empire.","Source brief required; readiness: Planned."
"timeline-stub","swahili_cities","Swahili Coast City-States Trade","c. 1300 CE","high_medieval","East Africa","Move to another Journey type","None","None","None","Story Arc — Movement, encounter, and exchange","Historically worthwhile, but narrower, more biographical, more local, or more illustrative than the finite core sequence requires.","May deepen a canonical period without becoming a prerequisite or duplicate progress-bearing lesson.","Optional-path editorial brief required."
"timeline-stub","tale_genji","The Tale of Genji Written","c. 1008 CE","high_medieval","Japan","Move to another Journey type","None","None","None","Idea Trail — Ideas, expression, and interpretation","Historically worthwhile, but narrower, more biographical, more local, or more illustrative than the finite core sequence requires.","May deepen a canonical period without becoming a prerequisite or duplicate progress-bearing lesson.","Optional-path editorial brief required."
"timeline-stub","tenochtitlan","Founding of Tenochtitlan","1325 CE","high_medieval","Mexico","Move to another Journey type","None","None","None","Story Arc — States, power, and rights","Historically worthwhile, but narrower, more biographical, more local, or more illustrative than the finite core sequence requires.","May deepen a canonical period without becoming a prerequisite or duplicate progress-bearing lesson.","Optional-path editorial brief required."
"timeline-stub","university","University of Bologna Founded","1088 CE","high_medieval","Italy","Merge","lesson.medieval.faith-reason-and-schools","Faith, Reason, and the Medieval Schools","c. 1088–1300 CE","World Spine — chapter 06","The legacy node contributes important evidence, but its causal value is clearer inside the cross-tradition faith, reason, translation, and school-institution sequence.","Mapped to lesson.medieval.faith-reason-and-schools; prerequisite(s): lesson.islam.reason-revelation-and-law|lesson.judaism.rabbinic-argument-and-diaspora|lesson.europe.lords-churches-and-towns.","Source set identified; readiness: Planned."
"timeline-stub","william_wallace","William Wallace & Scottish Wars","1297 CE","high_medieval","Scotland","Move to another Journey type","None","None","None","Story Arc — War, states, and strategy","Historically worthwhile, but narrower, more biographical, more local, or more illustrative than the finite core sequence requires.","May deepen a canonical period without becoming a prerequisite or duplicate progress-bearing lesson.","Optional-path editorial brief required."
"timeline-stub","zheng_he","Voyages of Zheng He","1405 CE","high_medieval","China","Move to another Journey type","None","None","None","Story Arc — Movement, encounter, and exchange","Historically worthwhile, but narrower, more biographical, more local, or more illustrative than the finite core sequence requires.","May deepen a canonical period without becoming a prerequisite or duplicate progress-bearing lesson.","Optional-path editorial brief required."
"timeline-stub","akbar","Akbar the Great Rules Mughal India","1556 CE","contact","India","Move to another Journey type","None","None","None","Idea Trail — Belief, ritual, and interpretation","Historically worthwhile, but narrower, more biographical, more local, or more illustrative than the finite core sequence requires.","May deepen a canonical period without becoming a prerequisite or duplicate progress-bearing lesson.","Optional-path editorial brief required."
"timeline-stub","armada","Defeat of Spanish Armada","1588 CE","contact","England/Spain","Move to another Journey type","None","None","None","Story Arc — War, states, and strategy","Historically worthwhile, but narrower, more biographical, more local, or more illustrative than the finite core sequence requires.","May deepen a canonical period without becoming a prerequisite or duplicate progress-bearing lesson.","Optional-path editorial brief required."
"timeline-stub","atlantic_slave_trade","Atlantic Slave Trade Begins","c. 1520 CE","contact","Atlantic","Move to another Journey type","None","None","None","Story Arc — States, power, and rights","Historically worthwhile, but narrower, more biographical, more local, or more illustrative than the finite core sequence requires.","May deepen a canonical period without becoming a prerequisite or duplicate progress-bearing lesson.","Optional-path editorial brief required."
"timeline-stub","benin_bronzes","Benin Bronzes Cast in West Africa","c. 1500 CE","contact","West Africa","Move to another Journey type","None","None","None","Idea Trail — Ideas, expression, and interpretation","Historically worthwhile, but narrower, more biographical, more local, or more illustrative than the finite core sequence requires.","May deepen a canonical period without becoming a prerequisite or duplicate progress-bearing lesson.","Optional-path editorial brief required."
"timeline-stub","china_stops_exploring","China Ends Ocean Voyages","1433 CE","contact","China","Move to another Journey type","None","None","None","Story Arc — States, power, and rights","Historically worthwhile, but narrower, more biographical, more local, or more illustrative than the finite core sequence requires.","May deepen a canonical period without becoming a prerequisite or duplicate progress-bearing lesson.","Optional-path editorial brief required."
"timeline-stub","columbian_exchange","The Columbian Exchange Impact","c. 1500 CE","contact","Global","Move to another Journey type","None","None","None","Idea Trail — Evidence, invention, and environment","Historically worthwhile, but narrower, more biographical, more local, or more illustrative than the finite core sequence requires.","May deepen a canonical period without becoming a prerequisite or duplicate progress-bearing lesson.","Optional-path editorial brief required."
"timeline-stub","columbus","Columbus Reaches Americas","1492 CE","contact","Americas","Move to another Journey type","None","None","None","Story Arc — Movement, encounter, and exchange","Historically worthwhile, but narrower, more biographical, more local, or more illustrative than the finite core sequence requires.","May deepen a canonical period without becoming a prerequisite or duplicate progress-bearing lesson.","Optional-path editorial brief required."
"timeline-stub","constantinople","Fall of Constantinople","1453 CE","contact","Turkey","Move to another Journey type","None","None","None","Story Arc — War, states, and strategy","Historically worthwhile, but narrower, more biographical, more local, or more illustrative than the finite core sequence requires.","May deepen a canonical period without becoming a prerequisite or duplicate progress-bearing lesson.","Optional-path editorial brief required."
"timeline-stub","copernicus","Copernicus: Heliocentrism","1543 CE","contact","Poland","Move to another Journey type","None","None","None","Idea Trail — Evidence, invention, and environment","Historically worthwhile, but narrower, more biographical, more local, or more illustrative than the finite core sequence requires.","May deepen a canonical period without becoming a prerequisite or duplicate progress-bearing lesson.","Optional-path editorial brief required."
"timeline-stub","cortes","Cortes Conquers Aztecs","1521 CE","contact","Mexico","Move to another Journey type","None","None","None","Story Arc — War, states, and strategy","Historically worthwhile, but narrower, more biographical, more local, or more illustrative than the finite core sequence requires.","May deepen a canonical period without becoming a prerequisite or duplicate progress-bearing lesson.","Optional-path editorial brief required."
"timeline-stub","da_vinci","Da Vinci Paints Last Supper","1498 CE","contact","Italy","Move to another Journey type","None","None","None","Idea Trail — Ideas, expression, and interpretation","Historically worthwhile, but narrower, more biographical, more local, or more illustrative than the finite core sequence requires.","May deepen a canonical period without becoming a prerequisite or duplicate progress-bearing lesson.","Optional-path editorial brief required."
"timeline-stub","elizabeth","Elizabeth I Coronation","1558 CE","contact","England","Move to another Journey type","None","None","None","Story Arc — States, power, and rights","Historically worthwhile, but narrower, more biographical, more local, or more illustrative than the finite core sequence requires.","May deepen a canonical period without becoming a prerequisite or duplicate progress-bearing lesson.","Optional-path editorial brief required."
"timeline-stub","gutenberg","Gutenberg Printing Press","c. 1440 CE","contact","Germany","Move to another Journey type","None","None","None","Idea Trail — Ideas, expression, and interpretation","Historically worthwhile, but narrower, more biographical, more local, or more illustrative than the finite core sequence requires.","May deepen a canonical period without becoming a prerequisite or duplicate progress-bearing lesson.","Optional-path editorial brief required."
"timeline-stub","henry_viii","Henry VIII Act of Supremacy","1534 CE","contact","England","Move to another Journey type","None","None","None","Idea Trail — Belief, ritual, and interpretation","Historically worthwhile, but narrower, more biographical, more local, or more illustrative than the finite core sequence requires.","May deepen a canonical period without becoming a prerequisite or duplicate progress-bearing lesson.","Optional-path editorial brief required."
"timeline-stub","ivan_terrible","Ivan the Terrible Crowned Tsar","1547 CE","contact","Russia","Move to another Journey type","None","None","None","Story Arc — States, power, and rights","Historically worthwhile, but narrower, more biographical, more local, or more illustrative than the finite core sequence requires.","May deepen a canonical period without becoming a prerequisite or duplicate progress-bearing lesson.","Optional-path editorial brief required."
"timeline-stub","kingdom_kongo","Kingdom of Kongo Meets Portuguese","c. 1500 CE","contact","Central Africa","Move to another Journey type","None","None","None","Story Arc — States, power, and rights","Historically worthwhile, but narrower, more biographical, more local, or more illustrative than the finite core sequence requires.","May deepen a canonical period without becoming a prerequisite or duplicate progress-bearing lesson.","Optional-path editorial brief required."
"timeline-stub","luther","Martin Luther's 95 Theses","1517 CE","contact","Germany","Merge","lesson.christianity.reformations","Christian Reformations and Religious Conflict","1517–1648 CE","World Spine — chapter 07","This node supplies useful evidence, but its explanatory work is stronger inside the broader canonical synthesis and would otherwise duplicate required progress.","Mapped to lesson.christianity.reformations; prerequisite(s): lesson.printing.print-revolution.","Source brief required; readiness: Planned."
"timeline-stub","machiavelli","Machiavelli writes The Prince","1513 CE","contact","Italy","Move to another Journey type","None","None","None","Idea Trail — Ideas, expression, and interpretation","Historically worthwhile, but narrower, more biographical, more local, or more illustrative than the finite core sequence requires.","May deepen a canonical period without becoming a prerequisite or duplicate progress-bearing lesson.","Optional-path editorial brief required."
"timeline-stub","magellan","Magellan Circumnavigates Globe","1519 CE","contact","Global","Move to another Journey type","None","None","None","Story Arc — Movement, encounter, and exchange","Historically worthwhile, but narrower, more biographical, more local, or more illustrative than the finite core sequence requires.","May deepen a canonical period without becoming a prerequisite or duplicate progress-bearing lesson.","Optional-path editorial brief required."
"timeline-stub","manila_galleons","Manila Galleon Trade Begins","1565 CE","contact","Pacific","Move to another Journey type","None","None","None","Story Arc — Movement, encounter, and exchange","Historically worthwhile, but narrower, more biographical, more local, or more illustrative than the finite core sequence requires.","May deepen a canonical period without becoming a prerequisite or duplicate progress-bearing lesson.","Optional-path editorial brief required."
"timeline-stub","michelangelo","Michelangelo Paints Sistine Chapel","1512 CE","contact","Italy","Move to another Journey type","None","None","None","Idea Trail — Ideas, expression, and interpretation","Historically worthwhile, but narrower, more biographical, more local, or more illustrative than the finite core sequence requires.","May deepen a canonical period without becoming a prerequisite or duplicate progress-bearing lesson.","Optional-path editorial brief required."
"timeline-stub","pizarro","Pizarro Conquers the Inca","1532 CE","contact","Peru","Move to another Journey type","None","None","None","Story Arc — War, states, and strategy","Historically worthwhile, but narrower, more biographical, more local, or more illustrative than the finite core sequence requires.","May deepen a canonical period without becoming a prerequisite or duplicate progress-bearing lesson.","Optional-path editorial brief required."
"timeline-stub","price_revolution","The Price Revolution","c. 1550 CE","contact","Europe","Move to another Journey type","None","None","None","Story Arc — States, power, and rights","Historically worthwhile, but narrower, more biographical, more local, or more illustrative than the finite core sequence requires.","May deepen a canonical period without becoming a prerequisite or duplicate progress-bearing lesson.","Optional-path editorial brief required."
"timeline-stub","safavid","Rise of Safavid Empire","1501 CE","contact","Persia","Move to another Journey type","None","None","None","Idea Trail — Belief, ritual, and interpretation","Historically worthwhile, but narrower, more biographical, more local, or more illustrative than the finite core sequence requires.","May deepen a canonical period without becoming a prerequisite or duplicate progress-bearing lesson.","Optional-path editorial brief required."
"timeline-stub","shakespeare","Shakespeare's Globe Theatre","1599 CE","contact","England","Move to another Journey type","None","None","None","Idea Trail — Ideas, expression, and interpretation","Historically worthwhile, but narrower, more biographical, more local, or more illustrative than the finite core sequence requires.","May deepen a canonical period without becoming a prerequisite or duplicate progress-bearing lesson.","Optional-path editorial brief required."
"timeline-stub","songhai_empire","Songhai Empire Flourishes","c. 1500 CE","contact","West Africa","Move to another Journey type","None","None","None","Story Arc — States, power, and rights","Historically worthwhile, but narrower, more biographical, more local, or more illustrative than the finite core sequence requires.","May deepen a canonical period without becoming a prerequisite or duplicate progress-bearing lesson.","Optional-path editorial brief required."
"timeline-stub","suleiman","Suleiman the Magnificent","1520 CE","contact","Ottoman Empire","Move to another Journey type","None","None","None","Story Arc — War, states, and strategy","Historically worthwhile, but narrower, more biographical, more local, or more illustrative than the finite core sequence requires.","May deepen a canonical period without becoming a prerequisite or duplicate progress-bearing lesson.","Optional-path editorial brief required."
"timeline-stub","wars_roses","Wars of the Roses","1455 CE","contact","England","Move to another Journey type","None","None","None","Story Arc — War, states, and strategy","Historically worthwhile, but narrower, more biographical, more local, or more illustrative than the finite core sequence requires.","May deepen a canonical period without becoming a prerequisite or duplicate progress-bearing lesson.","Optional-path editorial brief required."
"timeline-stub","descartes","Descartes: ""I think, therefore I am""","1637 CE","renaissance","France","Move to another Journey type","None","None","None","Idea Trail — Ideas, expression, and interpretation","Historically worthwhile, but narrower, more biographical, more local, or more illustrative than the finite core sequence requires.","May deepen a canonical period without becoming a prerequisite or duplicate progress-bearing lesson.","Optional-path editorial brief required."
"timeline-stub","dutch_golden_age","Dutch Golden Age","c. 1620 CE","renaissance","Netherlands","Move to another Journey type","None","None","None","Idea Trail — Ideas, expression, and interpretation","Historically worthwhile, but narrower, more biographical, more local, or more illustrative than the finite core sequence requires.","May deepen a canonical period without becoming a prerequisite or duplicate progress-bearing lesson.","Optional-path editorial brief required."
"timeline-stub","edo_period","Tokugawa Shogunate Begins","1603 CE","renaissance","Japan","Move to another Journey type","None","None","None","Story Arc — States, power, and rights","Historically worthwhile, but narrower, more biographical, more local, or more illustrative than the finite core sequence requires.","May deepen a canonical period without becoming a prerequisite or duplicate progress-bearing lesson.","Optional-path editorial brief required."
"timeline-stub","english_civil_war","English Civil War","1642 CE","renaissance","England","Move to another Journey type","None","None","None","Story Arc — War, states, and strategy","Historically worthwhile, but narrower, more biographical, more local, or more illustrative than the finite core sequence requires.","May deepen a canonical period without becoming a prerequisite or duplicate progress-bearing lesson.","Optional-path editorial brief required."
"timeline-stub","galileo","Galileo's Telescope","1609 CE","renaissance","Italy","Merge","lesson.science.observation-and-cosmos","A New Cosmos from Observation and Calculation","c. 1500–1650 CE","World Spine — chapter 07","This node supplies useful evidence, but its explanatory work is stronger inside the broader canonical synthesis and would otherwise duplicate required progress.","Mapped to lesson.science.observation-and-cosmos; prerequisite(s): lesson.printing.print-revolution.","Framing review; readiness: Planned."
"timeline-stub","glorious_rev","The Glorious Revolution","1688 CE","renaissance","England","Move to another Journey type","None","None","None","Story Arc — States, power, and rights","Historically worthwhile, but narrower, more biographical, more local, or more illustrative than the finite core sequence requires.","May deepen a canonical period without becoming a prerequisite or duplicate progress-bearing lesson.","Optional-path editorial brief required."
"timeline-stub","harvey","Harvey Discovers Blood Circulation","1628 CE","renaissance","England","Move to another Journey type","None","None","None","Idea Trail — Evidence, invention, and environment","Historically worthwhile, but narrower, more biographical, more local, or more illustrative than the finite core sequence requires.","May deepen a canonical period without becoming a prerequisite or duplicate progress-bearing lesson.","Optional-path editorial brief required."
"timeline-stub","jamestown","Jamestown Colony Founded","1607 CE","renaissance","North America","Move to another Journey type","None","None","None","Story Arc — States, power, and rights","Historically worthwhile, but narrower, more biographical, more local, or more illustrative than the finite core sequence requires.","May deepen a canonical period without becoming a prerequisite or duplicate progress-bearing lesson.","Optional-path editorial brief required."
"timeline-stub","locke","John Locke: Two Treatises of Government","1689 CE","renaissance","England","Move to another Journey type","None","None","None","Idea Trail — Ideas, expression, and interpretation","Historically worthwhile, but narrower, more biographical, more local, or more illustrative than the finite core sequence requires.","May deepen a canonical period without becoming a prerequisite or duplicate progress-bearing lesson.","Optional-path editorial brief required."
"timeline-stub","london_fire","Great Fire of London","1666 CE","renaissance","England","Move to another Journey type","None","None","None","Idea Trail — Evidence, invention, and environment","Historically worthwhile, but narrower, more biographical, more local, or more illustrative than the finite core sequence requires.","May deepen a canonical period without becoming a prerequisite or duplicate progress-bearing lesson.","Optional-path editorial brief required."
"timeline-stub","louis_xiv","Louis XIV ""Sun King"" Reign","1643 CE","renaissance","France","Move to another Journey type","None","None","None","Story Arc — States, power, and rights","Historically worthwhile, but narrower, more biographical, more local, or more illustrative than the finite core sequence requires.","May deepen a canonical period without becoming a prerequisite or duplicate progress-bearing lesson.","Optional-path editorial brief required."
"timeline-stub","mayflower","Mayflower Compact","1620 CE","renaissance","North America","Move to another Journey type","None","None","None","Story Arc — States, power, and rights","Historically worthwhile, but narrower, more biographical, more local, or more illustrative than the finite core sequence requires.","May deepen a canonical period without becoming a prerequisite or duplicate progress-bearing lesson.","Optional-path editorial brief required."
"timeline-stub","newton","Newton's Principia Mathematica","1687 CE","renaissance","England","Merge","lesson.science.experimental-networks","Experimental Science and Knowledge Networks","c. 1600–1750 CE","World Spine — chapter 08","This node supplies useful evidence, but its explanatory work is stronger inside the broader canonical synthesis and would otherwise duplicate required progress.","Mapped to lesson.science.experimental-networks; prerequisite(s): lesson.science.observation-and-cosmos.","Framing review; readiness: Planned."
"timeline-stub","peter_great","Peter the Great Westernizes Russia","1696 CE","renaissance","Russia","Move to another Journey type","None","None","None","Story Arc — States, power, and rights","Historically worthwhile, but narrower, more biographical, more local, or more illustrative than the finite core sequence requires.","May deepen a canonical period without becoming a prerequisite or duplicate progress-bearing lesson.","Optional-path editorial brief required."
"timeline-stub","qing","Qing Dynasty Established","1644 CE","renaissance","China","Move to another Journey type","None","None","None","Story Arc — States, power, and rights","Historically worthwhile, but narrower, more biographical, more local, or more illustrative than the finite core sequence requires.","May deepen a canonical period without becoming a prerequisite or duplicate progress-bearing lesson.","Optional-path editorial brief required."
"timeline-stub","salem","Salem Witch Trials","1692 CE","renaissance","USA","Move to another Journey type","None","None","None","Idea Trail — Belief, ritual, and interpretation","Historically worthwhile, but narrower, more biographical, more local, or more illustrative than the finite core sequence requires.","May deepen a canonical period without becoming a prerequisite or duplicate progress-bearing lesson.","Optional-path editorial brief required."
"timeline-stub","taj_mahal","Construction of Taj Mahal","1632 CE","renaissance","India","Move to another Journey type","None","None","None","Idea Trail — Ideas, expression, and interpretation","Historically worthwhile, but narrower, more biographical, more local, or more illustrative than the finite core sequence requires.","May deepen a canonical period without becoming a prerequisite or duplicate progress-bearing lesson.","Optional-path editorial brief required."
"timeline-stub","thirty_years","Thirty Years' War Begins","1618 CE","renaissance","Europe","Merge","lesson.christianity.reformations","Christian Reformations and Religious Conflict","1517–1648 CE","World Spine — chapter 07","This node supplies useful evidence, but its explanatory work is stronger inside the broader canonical synthesis and would otherwise duplicate required progress.","Mapped to lesson.christianity.reformations; prerequisite(s): lesson.printing.print-revolution.","Source brief required; readiness: Planned."
"timeline-stub","tulip_mania","Tulip Mania: First Financial Bubble","1637 CE","renaissance","Netherlands","Move to another Journey type","None","None","None","Story Arc — States, power, and rights","Historically worthwhile, but narrower, more biographical, more local, or more illustrative than the finite core sequence requires.","May deepen a canonical period without becoming a prerequisite or duplicate progress-bearing lesson.","Optional-path editorial brief required."
"timeline-stub","agricultural_revolution_enlightenment","Agricultural Revolution in Britain","c. 1750 CE","enlightenment","Britain","Move to another Journey type","None","None","None","Idea Trail — Evidence, invention, and environment","Historically worthwhile, but narrower, more biographical, more local, or more illustrative than the finite core sequence requires.","May deepen a canonical period without becoming a prerequisite or duplicate progress-bearing lesson.","Optional-path editorial brief required."
"timeline-stub","bach","Bach Brandenburg Concertos","1721 CE","enlightenment","Germany","Move to another Journey type","None","None","None","Idea Trail — Ideas, expression, and interpretation","Historically worthwhile, but narrower, more biographical, more local, or more illustrative than the finite core sequence requires.","May deepen a canonical period without becoming a prerequisite or duplicate progress-bearing lesson.","Optional-path editorial brief required."
"timeline-stub","boston_tea","Boston Tea Party","1773 CE","enlightenment","USA","Merge","lesson.america.revolution-and-constitution","The American Revolution and a Contested Constitution","1765–1789 CE","World Spine — chapter 08","This node supplies useful evidence, but its explanatory work is stronger inside the broader canonical synthesis and would otherwise duplicate required progress.","Mapped to lesson.america.revolution-and-constitution; prerequisite(s): lesson.global.seven-years-war.","Framing review; readiness: Planned."
"timeline-stub","catherine","Catherine the Great","1762 CE","enlightenment","Russia","Move to another Journey type","None","None","None","Story Arc — States, power, and rights","Historically worthwhile, but narrower, more biographical, more local, or more illustrative than the finite core sequence requires.","May deepen a canonical period without becoming a prerequisite or duplicate progress-bearing lesson.","Optional-path editorial brief required."
"timeline-stub","coffeehouses_salons","Coffeehouses & Salons Spread Ideas","c. 1720 CE","enlightenment","Europe","Move to another Journey type","None","None","None","Idea Trail — Ideas, expression, and interpretation","Historically worthwhile, but narrower, more biographical, more local, or more illustrative than the finite core sequence requires.","May deepen a canonical period without becoming a prerequisite or duplicate progress-bearing lesson.","Optional-path editorial brief required."
"timeline-stub","constitution","US Constitution Signed","1787 CE","enlightenment","USA","Merge","lesson.america.revolution-and-constitution","The American Revolution and a Contested Constitution","1765–1789 CE","World Spine — chapter 08","This node supplies useful evidence, but its explanatory work is stronger inside the broader canonical synthesis and would otherwise duplicate required progress.","Mapped to lesson.america.revolution-and-constitution; prerequisite(s): lesson.global.seven-years-war.","Framing review; readiness: Planned."
"timeline-stub","cook","Captain Cook Reaches Australia","1770 CE","enlightenment","Oceania","Merge","lesson.pacific.encounters-and-settler-claims","Pacific Encounters and Settler Claims","c. 1768–1800 CE","World Spine — chapter 08","This node supplies useful evidence, but its explanatory work is stronger inside the broader canonical synthesis and would otherwise duplicate required progress.","Mapped to lesson.pacific.encounters-and-settler-claims; prerequisite(s): lesson.pacific.polynesian-voyaging.","Framing review; readiness: Planned."
"timeline-stub","declaration","US Declaration of Independence","1776 CE","enlightenment","USA","Merge","lesson.america.revolution-and-constitution","The American Revolution and a Contested Constitution","1765–1789 CE","World Spine — chapter 08","This node supplies useful evidence, but its explanatory work is stronger inside the broader canonical synthesis and would otherwise duplicate required progress.","Mapped to lesson.america.revolution-and-constitution; prerequisite(s): lesson.global.seven-years-war.","Framing review; readiness: Planned."
"timeline-stub","encyclopedie","Diderot's Encyclopédie Published","1751 CE","enlightenment","France","Merge","lesson.enlightenment.reason-rights-and-limits","Enlightenment Arguments: Reason, Rights, and Limits","c. 1680–1789 CE","World Spine — chapter 08","This node supplies useful evidence, but its explanatory work is stronger inside the broader canonical synthesis and would otherwise duplicate required progress.","Mapped to lesson.enlightenment.reason-rights-and-limits; prerequisite(s): lesson.science.experimental-networks.","Framing review; readiness: Planned."
"timeline-stub","first_fleet","First Fleet Arrives in Sydney","1788 CE","enlightenment","Australia","Merge","lesson.pacific.encounters-and-settler-claims","Pacific Encounters and Settler Claims","c. 1768–1800 CE","World Spine — chapter 08","This node supplies useful evidence, but its explanatory work is stronger inside the broader canonical synthesis and would otherwise duplicate required progress.","Mapped to lesson.pacific.encounters-and-settler-claims; prerequisite(s): lesson.pacific.polynesian-voyaging.","Framing review; readiness: Planned."
"timeline-stub","franklin","Benjamin Franklin's Kite Experiment","1752 CE","enlightenment","USA","Move to another Journey type","None","None","None","Idea Trail — Evidence, invention, and environment","Historically worthwhile, but narrower, more biographical, more local, or more illustrative than the finite core sequence requires.","May deepen a canonical period without becoming a prerequisite or duplicate progress-bearing lesson.","Optional-path editorial brief required."
"timeline-stub","lisbon_earthquake","Lisbon Earthquake Shakes Faith","1755 CE","enlightenment","Portugal","Move to another Journey type","None","None","None","Idea Trail — Ideas, expression, and interpretation","Historically worthwhile, but narrower, more biographical, more local, or more illustrative than the finite core sequence requires.","May deepen a canonical period without becoming a prerequisite or duplicate progress-bearing lesson.","Optional-path editorial brief required."
"timeline-stub","middle_passage","The Middle Passage at Its Peak","c. 1750 CE","enlightenment","Atlantic","Adapt or rename","lesson.atlantic.plantations-and-middle-passage","Plantations, the Middle Passage, and Resistance","c. 1650–1800 CE","World Spine — chapter 08","The topic earns core placement, with a learner-facing title, period, and scope adjusted to foreground causal and evidentiary value.","Mapped to lesson.atlantic.plantations-and-middle-passage; prerequisite(s): lesson.atlantic.slavery-system.","Source set identified; readiness: Planned."
"timeline-stub","mozart","Mozart Composes in Vienna","c. 1781 CE","enlightenment","Austria","Archive","None","None","None","Archived legacy resource","As a standalone chronological node it adds no unique causal prerequisite or explanatory handoff; preserve assets and notes for possible reuse.","No canonical prerequisite; avoid restoring as progress-bearing World Spine content.","Archive after link and asset review."
"timeline-stub","seven_years","Seven Years' War","1756 CE","enlightenment","Global","Adapt or rename","lesson.global.seven-years-war","The Seven Years' War: A Global Imperial Conflict","1754–1763 CE","World Spine — chapter 08","The topic earns core placement, with a learner-facing title, period, and scope adjusted to foreground causal and evidentiary value.","Mapped to lesson.global.seven-years-war; prerequisite(s): lesson.states.taxation-war-and-constitutions.","Source brief required; readiness: Planned."
"timeline-stub","steam_newcomen","Newcomen Steam Engine","1712 CE","enlightenment","England","Move to another Journey type","None","None","None","Idea Trail — Evidence, invention, and environment","Historically worthwhile, but narrower, more biographical, more local, or more illustrative than the finite core sequence requires.","May deepen a canonical period without becoming a prerequisite or duplicate progress-bearing lesson.","Optional-path editorial brief required."
"timeline-stub","voltaire","Voltaire Writes Candide","1759 CE","enlightenment","France","Move to another Journey type","None","None","None","Idea Trail — Ideas, expression, and interpretation","Historically worthwhile, but narrower, more biographical, more local, or more illustrative than the finite core sequence requires.","May deepen a canonical period without becoming a prerequisite or duplicate progress-bearing lesson.","Optional-path editorial brief required."
"timeline-stub","watt_steam","James Watt Improves Steam Engine","1769 CE","enlightenment","Scotland","Move to another Journey type","None","None","None","Idea Trail — Evidence, invention, and environment","Historically worthwhile, but narrower, more biographical, more local, or more illustrative than the finite core sequence requires.","May deepen a canonical period without becoming a prerequisite or duplicate progress-bearing lesson.","Optional-path editorial brief required."
"timeline-stub","wealth_nations","Adam Smith: Wealth of Nations","1776 CE","enlightenment","Scotland","Move to another Journey type","None","None","None","Idea Trail — Ideas, expression, and interpretation","Historically worthwhile, but narrower, more biographical, more local, or more illustrative than the finite core sequence requires.","May deepen a canonical period without becoming a prerequisite or duplicate progress-bearing lesson.","Optional-path editorial brief required."
"timeline-stub","yorktown","Battle of Yorktown (American Victory)","1781 CE","enlightenment","USA","Merge","lesson.america.revolution-and-constitution","The American Revolution and a Contested Constitution","1765–1789 CE","World Spine — chapter 08","This node supplies useful evidence, but its explanatory work is stronger inside the broader canonical synthesis and would otherwise duplicate required progress.","Mapped to lesson.america.revolution-and-constitution; prerequisite(s): lesson.global.seven-years-war.","Framing review; readiness: Planned."
"timeline-stub","beethoven","Beethoven's 5th Symphony","1808 CE","industry","Germany","Move to another Journey type","None","None","None","Idea Trail — Ideas, expression, and interpretation","Historically worthwhile, but narrower, more biographical, more local, or more illustrative than the finite core sequence requires.","May deepen a canonical period without becoming a prerequisite or duplicate progress-bearing lesson.","Optional-path editorial brief required."
"timeline-stub","benz","Benz Patent-Motorwagen","1886 CE","industry","Germany","Move to another Journey type","None","None","None","Idea Trail — Evidence, invention, and environment","Historically worthwhile, but narrower, more biographical, more local, or more illustrative than the finite core sequence requires.","May deepen a canonical period without becoming a prerequisite or duplicate progress-bearing lesson.","Optional-path editorial brief required."
"timeline-stub","berlin_conf","Berlin Conference","1884 CE","industry","Europe","Move to another Journey type","None","None","None","Story Arc — States, power, and rights","Historically worthwhile, but narrower, more biographical, more local, or more illustrative than the finite core sequence requires.","May deepen a canonical period without becoming a prerequisite or duplicate progress-bearing lesson.","Optional-path editorial brief required."
"timeline-stub","bolivar","Simon Bolivar's Admirable Campaign","1813 CE","industry","South America","Merge","lesson.latin-america.independence","Independence and New States in Latin America","c. 1808–1830 CE","World Spine — chapter 09","This node supplies useful evidence, but its explanatory work is stronger inside the broader canonical synthesis and would otherwise duplicate required progress.","Mapped to lesson.latin-america.independence; prerequisite(s): lesson.napoleon.war-law-and-empire.","Source brief required; readiness: Planned."
"timeline-stub","boxer_rebellion","Boxer Rebellion in China","1899 CE","industry","China","Move to another Journey type","None","None","None","Story Arc — War, states, and strategy","Historically worthwhile, but narrower, more biographical, more local, or more illustrative than the finite core sequence requires.","May deepen a canonical period without becoming a prerequisite or duplicate progress-bearing lesson.","Optional-path editorial brief required."
"timeline-stub","braille","Louis Braille Invents Writing System","1824 CE","industry","France","Move to another Journey type","None","None","None","Idea Trail — Ideas, expression, and interpretation","Historically worthwhile, but narrower, more biographical, more local, or more illustrative than the finite core sequence requires.","May deepen a canonical period without becoming a prerequisite or duplicate progress-bearing lesson.","Optional-path editorial brief required."
"timeline-stub","civil_war","US Civil War Begins","1861 CE","industry","USA","Move to another Journey type","None","None","None","Story Arc — War, states, and strategy","Historically worthwhile, but narrower, more biographical, more local, or more illustrative than the finite core sequence requires.","May deepen a canonical period without becoming a prerequisite or duplicate progress-bearing lesson.","Optional-path editorial brief required."
"timeline-stub","crimean_war","Crimean War (Florence Nightingale)","1853 CE","industry","Russia/Turkey","Move to another Journey type","None","None","None","Story Arc — War, states, and strategy","Historically worthwhile, but narrower, more biographical, more local, or more illustrative than the finite core sequence requires.","May deepen a canonical period without becoming a prerequisite or duplicate progress-bearing lesson.","Optional-path editorial brief required."
"timeline-stub","curie","Marie Curie Wins Nobel","1903 CE","industry","France","Move to another Journey type","None","None","None","Idea Trail — Evidence, invention, and environment","Historically worthwhile, but narrower, more biographical, more local, or more illustrative than the finite core sequence requires.","May deepen a canonical period without becoming a prerequisite or duplicate progress-bearing lesson.","Optional-path editorial brief required."
"timeline-stub","darwin","On the Origin of Species","1859 CE","industry","England","Move to another Journey type","None","None","None","Idea Trail — Evidence, invention, and environment","Historically worthwhile, but narrower, more biographical, more local, or more illustrative than the finite core sequence requires.","May deepen a canonical period without becoming a prerequisite or duplicate progress-bearing lesson.","Optional-path editorial brief required."
"timeline-stub","einstein_sr","Einstein's Special Relativity","1905 CE","industry","Switzerland","Move to another Journey type","None","None","None","Idea Trail — Evidence, invention, and environment","Historically worthwhile, but narrower, more biographical, more local, or more illustrative than the finite core sequence requires.","May deepen a canonical period without becoming a prerequisite or duplicate progress-bearing lesson.","Optional-path editorial brief required."
"timeline-stub","emancipation","Emancipation Proclamation","1863 CE","industry","USA","Move to another Journey type","None","None","None","Story Arc — States, power, and rights","Historically worthwhile, but narrower, more biographical, more local, or more illustrative than the finite core sequence requires.","May deepen a canonical period without becoming a prerequisite or duplicate progress-bearing lesson.","Optional-path editorial brief required."
"timeline-stub","flight","Wright Brothers First Flight","1903 CE","industry","USA","Move to another Journey type","None","None","None","Idea Trail — Evidence, invention, and environment","Historically worthwhile, but narrower, more biographical, more local, or more illustrative than the finite core sequence requires.","May deepen a canonical period without becoming a prerequisite or duplicate progress-bearing lesson.","Optional-path editorial brief required."
"timeline-stub","ford_t","Ford Model T Introduced","1908 CE","industry","USA","Move to another Journey type","None","None","None","Idea Trail — Evidence, invention, and environment","Historically worthwhile, but narrower, more biographical, more local, or more illustrative than the finite core sequence requires.","May deepen a canonical period without becoming a prerequisite or duplicate progress-bearing lesson.","Optional-path editorial brief required."
"timeline-stub","french_rev","Storming of the Bastille","1789 CE","industry","France","Adapt or rename","lesson.france.revolution","The French Revolution","1789–1799 CE","World Spine — chapter 09","The topic earns core placement, with a learner-facing title, period, and scope adjusted to foreground causal and evidentiary value.","Mapped to lesson.france.revolution; prerequisite(s): lesson.enlightenment.reason-rights-and-limits.","Source brief required; readiness: Planned."
"timeline-stub","germany_unite","Unification of Germany","1871 CE","industry","Germany","Move to another Journey type","None","None","None","Story Arc — States, power, and rights","Historically worthwhile, but narrower, more biographical, more local, or more illustrative than the finite core sequence requires.","May deepen a canonical period without becoming a prerequisite or duplicate progress-bearing lesson.","Optional-path editorial brief required."
"timeline-stub","haiti_rev","Haitian Revolution","1791 CE","industry","Haiti","Move to another Journey type","None","None","None","Story Arc — War, states, and strategy","Historically worthwhile, but narrower, more biographical, more local, or more illustrative than the finite core sequence requires.","May deepen a canonical period without becoming a prerequisite or duplicate progress-bearing lesson.","Optional-path editorial brief required."
"timeline-stub","indian_rebellion","Indian Rebellion Against British Rule","1857 CE","industry","India","Move to another Journey type","None","None","None","Story Arc — War, states, and strategy","Historically worthwhile, but narrower, more biographical, more local, or more illustrative than the finite core sequence requires.","May deepen a canonical period without becoming a prerequisite or duplicate progress-bearing lesson.","Optional-path editorial brief required."
"timeline-stub","lewis_clark","Lewis & Clark Expedition","1804 CE","industry","USA","Move to another Journey type","None","None","None","Story Arc — Movement, encounter, and exchange","Historically worthwhile, but narrower, more biographical, more local, or more illustrative than the finite core sequence requires.","May deepen a canonical period without becoming a prerequisite or duplicate progress-bearing lesson.","Optional-path editorial brief required."
"timeline-stub","lightbulb","Edison Invents Light Bulb","1879 CE","industry","USA","Move to another Journey type","None","None","None","Idea Trail — Evidence, invention, and environment","Historically worthwhile, but narrower, more biographical, more local, or more illustrative than the finite core sequence requires.","May deepen a canonical period without becoming a prerequisite or duplicate progress-bearing lesson.","Optional-path editorial brief required."
"timeline-stub","marx","The Communist Manifesto","1848 CE","industry","Germany","Move to another Journey type","None","None","None","Idea Trail — Ideas, expression, and interpretation","Historically worthwhile, but narrower, more biographical, more local, or more illustrative than the finite core sequence requires.","May deepen a canonical period without becoming a prerequisite or duplicate progress-bearing lesson.","Optional-path editorial brief required."
"timeline-stub","meiji","Meiji Restoration","1868 CE","industry","Japan","Move to another Journey type","None","None","None","Story Arc — States, power, and rights","Historically worthwhile, but narrower, more biographical, more local, or more illustrative than the finite core sequence requires.","May deepen a canonical period without becoming a prerequisite or duplicate progress-bearing lesson.","Optional-path editorial brief required."
"timeline-stub","mexican_revolution","Mexican Revolution Begins","1910 CE","industry","Mexico","Move to another Journey type","None","None","None","Story Arc — War, states, and strategy","Historically worthwhile, but narrower, more biographical, more local, or more illustrative than the finite core sequence requires.","May deepen a canonical period without becoming a prerequisite or duplicate progress-bearing lesson.","Optional-path editorial brief required."
"timeline-stub","monroe","Monroe Doctrine","1823 CE","industry","USA","Move to another Journey type","None","None","None","Story Arc — States, power, and rights","Historically worthwhile, but narrower, more biographical, more local, or more illustrative than the finite core sequence requires.","May deepen a canonical period without becoming a prerequisite or duplicate progress-bearing lesson.","Optional-path editorial brief required."
"timeline-stub","napoleon_crown","Napoleon Crowned Emperor","1804 CE","industry","France","Move to another Journey type","None","None","None","Story Arc — War, states, and strategy","Historically worthwhile, but narrower, more biographical, more local, or more illustrative than the finite core sequence requires.","May deepen a canonical period without becoming a prerequisite or duplicate progress-bearing lesson.","Optional-path editorial brief required."
"timeline-stub","nationalism_rises","Rise of Nationalism in Europe","c. 1848 CE","industry","Europe","Move to another Journey type","None","None","None","Story Arc — States, power, and rights","Historically worthwhile, but narrower, more biographical, more local, or more illustrative than the finite core sequence requires.","May deepen a canonical period without becoming a prerequisite or duplicate progress-bearing lesson.","Optional-path editorial brief required."
"timeline-stub","opium_war","First Opium War","1839 CE","industry","China","Move to another Journey type","None","None","None","Story Arc — War, states, and strategy","Historically worthwhile, but narrower, more biographical, more local, or more illustrative than the finite core sequence requires.","May deepen a canonical period without becoming a prerequisite or duplicate progress-bearing lesson.","Optional-path editorial brief required."
"timeline-stub","pasteur","Pasteurization Invented","1864 CE","industry","France","Move to another Journey type","None","None","None","Idea Trail — Evidence, invention, and environment","Historically worthwhile, but narrower, more biographical, more local, or more illustrative than the finite core sequence requires.","May deepen a canonical period without becoming a prerequisite or duplicate progress-bearing lesson.","Optional-path editorial brief required."
"timeline-stub","perry_japan","Commodore Perry Opens Japan","1853 CE","industry","Japan","Move to another Journey type","None","None","None","Story Arc — States, power, and rights","Historically worthwhile, but narrower, more biographical, more local, or more illustrative than the finite core sequence requires.","May deepen a canonical period without becoming a prerequisite or duplicate progress-bearing lesson.","Optional-path editorial brief required."
"timeline-stub","photography","Daguerreotype Photography","1839 CE","industry","France","Move to another Journey type","None","None","None","Idea Trail — Ideas, expression, and interpretation","Historically worthwhile, but narrower, more biographical, more local, or more illustrative than the finite core sequence requires.","May deepen a canonical period without becoming a prerequisite or duplicate progress-bearing lesson.","Optional-path editorial brief required."
"timeline-stub","potato_famine","Irish Potato Famine","1845 CE","industry","Ireland","Move to another Journey type","None","None","None","Idea Trail — Evidence, invention, and environment","Historically worthwhile, but narrower, more biographical, more local, or more illustrative than the finite core sequence requires.","May deepen a canonical period without becoming a prerequisite or duplicate progress-bearing lesson.","Optional-path editorial brief required."
"timeline-stub","radio","Marconi Sends Radio Signal","1901 CE","industry","Italy/UK","Move to another Journey type","None","None","None","Idea Trail — Evidence, invention, and environment","Historically worthwhile, but narrower, more biographical, more local, or more illustrative than the finite core sequence requires.","May deepen a canonical period without becoming a prerequisite or duplicate progress-bearing lesson.","Optional-path editorial brief required."
"timeline-stub","rosetta","Discovery of Rosetta Stone","1799 CE","industry","Egypt","Move to another Journey type","None","None","None","Idea Trail — Ideas, expression, and interpretation","Historically worthwhile, but narrower, more biographical, more local, or more illustrative than the finite core sequence requires.","May deepen a canonical period without becoming a prerequisite or duplicate progress-bearing lesson.","Optional-path editorial brief required."
"timeline-stub","scramble_africa","Scramble for Africa","1881 CE","industry","Africa","Move to another Journey type","None","None","None","Story Arc — War, states, and strategy","Historically worthwhile, but narrower, more biographical, more local, or more illustrative than the finite core sequence requires.","May deepen a canonical period without becoming a prerequisite or duplicate progress-bearing lesson.","Optional-path editorial brief required."
"timeline-stub","second_industrial_revolution","Second Industrial Revolution: Steel & Electricity","c. 1870 CE","industry","Global","Move to another Journey type","None","None","None","Idea Trail — Evidence, invention, and environment","Historically worthwhile, but narrower, more biographical, more local, or more illustrative than the finite core sequence requires.","May deepen a canonical period without becoming a prerequisite or duplicate progress-bearing lesson.","Optional-path editorial brief required."
"timeline-stub","seneca_falls","Seneca Falls Women's Rights Convention","1848 CE","industry","USA","Merge","lesson.rights.womens-movements","Women's Movements and Political Rights","c. 1792–1920 CE","World Spine — chapter 10","This node supplies useful evidence, but its explanatory work is stronger inside the broader canonical synthesis and would otherwise duplicate required progress.","Mapped to lesson.rights.womens-movements; prerequisite(s): lesson.enlightenment.reason-rights-and-limits.","Source brief required; readiness: Planned."
"timeline-stub","shaka_zulu","Shaka Zulu Forms Empire","1816 CE","industry","South Africa","Move to another Journey type","None","None","None","Story Arc — War, states, and strategy","Historically worthwhile, but narrower, more biographical, more local, or more illustrative than the finite core sequence requires.","May deepen a canonical period without becoming a prerequisite or duplicate progress-bearing lesson.","Optional-path editorial brief required."
"timeline-stub","slave_trade_ban_uk","Britain Abolishes Slave Trade","1807 CE","industry","UK","Move to another Journey type","None","None","None","Story Arc — States, power, and rights","Historically worthwhile, but narrower, more biographical, more local, or more illustrative than the finite core sequence requires.","May deepen a canonical period without becoming a prerequisite or duplicate progress-bearing lesson.","Optional-path editorial brief required."
"timeline-stub","slavery_abolished_us","Slavery Abolished in USA (13th Amendment)","1865 CE","industry","USA","Move to another Journey type","None","None","None","Story Arc — States, power, and rights","Historically worthwhile, but narrower, more biographical, more local, or more illustrative than the finite core sequence requires.","May deepen a canonical period without becoming a prerequisite or duplicate progress-bearing lesson.","Optional-path editorial brief required."
"timeline-stub","smallpox_vaccine","Jenner invents Smallpox Vaccine","1796 CE","industry","England","Move to another Journey type","None","None","None","Idea Trail — Evidence, invention, and environment","Historically worthwhile, but narrower, more biographical, more local, or more illustrative than the finite core sequence requires.","May deepen a canonical period without becoming a prerequisite or duplicate progress-bearing lesson.","Optional-path editorial brief required."
"timeline-stub","social_darwinism","Social Darwinism Justifies Imperialism","c. 1870 CE","industry","Europe","Move to another Journey type","None","None","None","Idea Trail — Ideas, expression, and interpretation","Historically worthwhile, but narrower, more biographical, more local, or more illustrative than the finite core sequence requires.","May deepen a canonical period without becoming a prerequisite or duplicate progress-bearing lesson.","Optional-path editorial brief required."
"timeline-stub","suez","Suez Canal Opens","1869 CE","industry","Egypt","Move to another Journey type","None","None","None","Idea Trail — Evidence, invention, and environment","Historically worthwhile, but narrower, more biographical, more local, or more illustrative than the finite core sequence requires.","May deepen a canonical period without becoming a prerequisite or duplicate progress-bearing lesson.","Optional-path editorial brief required."
"timeline-stub","taiping","Taiping Rebellion in China","1850 CE","industry","China","Move to another Journey type","None","None","None","Story Arc — War, states, and strategy","Historically worthwhile, but narrower, more biographical, more local, or more illustrative than the finite core sequence requires.","May deepen a canonical period without becoming a prerequisite or duplicate progress-bearing lesson.","Optional-path editorial brief required."
"timeline-stub","telegraph","First Telegraph Message","1844 CE","industry","USA","Move to another Journey type","None","None","None","Idea Trail — Evidence, invention, and environment","Historically worthwhile, but narrower, more biographical, more local, or more illustrative than the finite core sequence requires.","May deepen a canonical period without becoming a prerequisite or duplicate progress-bearing lesson.","Optional-path editorial brief required."
"timeline-stub","telephone","Bell Invents Telephone","1876 CE","industry","USA","Move to another Journey type","None","None","None","Idea Trail — Evidence, invention, and environment","Historically worthwhile, but narrower, more biographical, more local, or more illustrative than the finite core sequence requires.","May deepen a canonical period without becoming a prerequisite or duplicate progress-bearing lesson.","Optional-path editorial brief required."
"timeline-stub","titanic","Sinking of the Titanic","1912 CE","industry","Atlantic","Archive","None","None","None","Archived legacy resource","As a standalone chronological node it adds no unique causal prerequisite or explanatory handoff; preserve assets and notes for possible reuse.","No canonical prerequisite; avoid restoring as progress-bearing World Spine content.","Archive after link and asset review."
"timeline-stub","trail_tears","The Trail of Tears","1831 CE","industry","USA","Move to another Journey type","None","None","None","Story Arc — States, power, and rights","Historically worthwhile, but narrower, more biographical, more local, or more illustrative than the finite core sequence requires.","May deepen a canonical period without becoming a prerequisite or duplicate progress-bearing lesson.","Optional-path editorial brief required."
"timeline-stub","van_gogh","Van Gogh: Starry Night","1889 CE","industry","France","Archive","None","None","None","Archived legacy resource","As a standalone chronological node it adds no unique causal prerequisite or explanatory handoff; preserve assets and notes for possible reuse.","No canonical prerequisite; avoid restoring as progress-bearing World Spine content.","Archive after link and asset review."
"timeline-stub","waterloo","Battle of Waterloo","1815 CE","industry","Belgium","Move to another Journey type","None","None","None","Story Arc — War, states, and strategy","Historically worthwhile, but narrower, more biographical, more local, or more illustrative than the finite core sequence requires.","May deepen a canonical period without becoming a prerequisite or duplicate progress-bearing lesson.","Optional-path editorial brief required."
"timeline-stub","why_industrial_revolution","Why the Industrial Revolution Began in Britain","c. 1780 CE","industry","Britain","Move to another Journey type","None","None","None","Idea Trail — Evidence, invention, and environment","Historically worthwhile, but narrower, more biographical, more local, or more illustrative than the finite core sequence requires.","May deepen a canonical period without becoming a prerequisite or duplicate progress-bearing lesson.","Optional-path editorial brief required."
"timeline-stub","wollstonecraft","Rights of Woman Published","1792 CE","industry","England","Move to another Journey type","None","None","None","Idea Trail — Ideas, expression, and interpretation","Historically worthwhile, but narrower, more biographical, more local, or more illustrative than the finite core sequence requires.","May deepen a canonical period without becoming a prerequisite or duplicate progress-bearing lesson.","Optional-path editorial brief required."
"timeline-stub","working_conditions","Factory Working Conditions Crisis","c. 1850 CE","industry","Britain","Move to another Journey type","None","None","None","Story Arc — States, power, and rights","Historically worthwhile, but narrower, more biographical, more local, or more illustrative than the finite core sequence requires.","May deepen a canonical period without becoming a prerequisite or duplicate progress-bearing lesson.","Optional-path editorial brief required."
"timeline-stub","xray","Discovery of X-Rays","1895 CE","industry","Germany","Move to another Journey type","None","None","None","Idea Trail — Evidence, invention, and environment","Historically worthwhile, but narrower, more biographical, more local, or more illustrative than the finite core sequence requires.","May deepen a canonical period without becoming a prerequisite or duplicate progress-bearing lesson.","Optional-path editorial brief required."
"timeline-stub","zulu_wars","Anglo-Zulu War","1879 CE","industry","South Africa","Move to another Journey type","None","None","None","Story Arc — War, states, and strategy","Historically worthwhile, but narrower, more biographical, more local, or more illustrative than the finite core sequence requires.","May deepen a canonical period without becoming a prerequisite or duplicate progress-bearing lesson.","Optional-path editorial brief required."
"timeline-stub","archduke","Assassination of Archduke Ferdinand","1914 CE","global_conflict","Bosnia","Move to another Journey type","None","None","None","Story Arc — War, states, and strategy","Historically worthwhile, but narrower, more biographical, more local, or more illustrative than the finite core sequence requires.","May deepen a canonical period without becoming a prerequisite or duplicate progress-bearing lesson.","Optional-path editorial brief required."
"timeline-stub","battle_britain","Battle of Britain","1940 CE","global_conflict","UK","Move to another Journey type","None","None","None","Story Arc — War, states, and strategy","Historically worthwhile, but narrower, more biographical, more local, or more illustrative than the finite core sequence requires.","May deepen a canonical period without becoming a prerequisite or duplicate progress-bearing lesson.","Optional-path editorial brief required."
"timeline-stub","bretton_woods","Bretton Woods: Designing Global Economy","1944 CE","global_conflict","USA","Move to another Journey type","None","None","None","Story Arc — States, power, and rights","Historically worthwhile, but narrower, more biographical, more local, or more illustrative than the finite core sequence requires.","May deepen a canonical period without becoming a prerequisite or duplicate progress-bearing lesson.","Optional-path editorial brief required."
"timeline-stub","d_day","D-Day Landings","1944 CE","global_conflict","France","Move to another Journey type","None","None","None","Story Arc — War, states, and strategy","Historically worthwhile, but narrower, more biographical, more local, or more illustrative than the finite core sequence requires.","May deepen a canonical period without becoming a prerequisite or duplicate progress-bearing lesson.","Optional-path editorial brief required."
"timeline-stub","gandhi_salt","Gandhi's Salt March","1930 CE","global_conflict","India","Merge","lesson.anticolonial.nationalism-between-wars","Anticolonial Nationalism Between the Wars","1919–1939 CE","World Spine — chapter 11","This node supplies useful evidence, but its explanatory work is stronger inside the broader canonical synthesis and would otherwise duplicate required progress.","Mapped to lesson.anticolonial.nationalism-between-wars; prerequisite(s): lesson.postwar.versailles-mandates-and-league.","Source brief required; readiness: Planned."
"timeline-stub","hiroshima","Atomic Bombing of Hiroshima","1945 CE","global_conflict","Japan","Move to another Journey type","None","None","None","Story Arc — War, states, and strategy","Historically worthwhile, but narrower, more biographical, more local, or more illustrative than the finite core sequence requires.","May deepen a canonical period without becoming a prerequisite or duplicate progress-bearing lesson.","Optional-path editorial brief required."
"timeline-stub","hitler_rise","Hitler Becomes Chancellor","1933 CE","global_conflict","Germany","Move to another Journey type","None","None","None","Story Arc — States, power, and rights","Historically worthwhile, but narrower, more biographical, more local, or more illustrative than the finite core sequence requires.","May deepen a canonical period without becoming a prerequisite or duplicate progress-bearing lesson.","Optional-path editorial brief required."
"timeline-stub","holocaust_lib","Liberation of Auschwitz","1945 CE","global_conflict","Poland","Move to another Journey type","None","None","None","Story Arc — War, states, and strategy","Historically worthwhile, but narrower, more biographical, more local, or more illustrative than the finite core sequence requires.","May deepen a canonical period without becoming a prerequisite or duplicate progress-bearing lesson.","Optional-path editorial brief required."
"timeline-stub","insulin","Discovery of Insulin","1921 CE","global_conflict","Canada","Move to another Journey type","None","None","None","Idea Trail — Evidence, invention, and environment","Historically worthwhile, but narrower, more biographical, more local, or more illustrative than the finite core sequence requires.","May deepen a canonical period without becoming a prerequisite or duplicate progress-bearing lesson.","Optional-path editorial brief required."
"timeline-stub","japanese_imperialism","Japan Invades Manchuria","1931 CE","global_conflict","China/Japan","Move to another Journey type","None","None","None","Story Arc — War, states, and strategy","Historically worthwhile, but narrower, more biographical, more local, or more illustrative than the finite core sequence requires.","May deepen a canonical period without becoming a prerequisite or duplicate progress-bearing lesson.","Optional-path editorial brief required."
"timeline-stub","kristallnacht","Kristallnacht Pogrom","1938 CE","global_conflict","Germany","Move to another Journey type","None","None","None","Story Arc — War, states, and strategy","Historically worthwhile, but narrower, more biographical, more local, or more illustrative than the finite core sequence requires.","May deepen a canonical period without becoming a prerequisite or duplicate progress-bearing lesson.","Optional-path editorial brief required."
"timeline-stub","league_of_nations","League of Nations Founded","1920 CE","global_conflict","Switzerland","Move to another Journey type","None","None","None","Story Arc — States, power, and rights","Historically worthwhile, but narrower, more biographical, more local, or more illustrative than the finite core sequence requires.","May deepen a canonical period without becoming a prerequisite or duplicate progress-bearing lesson.","Optional-path editorial brief required."
"timeline-stub","midway","Battle of Midway","1942 CE","global_conflict","Pacific","Move to another Journey type","None","None","None","Story Arc — War, states, and strategy","Historically worthwhile, but narrower, more biographical, more local, or more illustrative than the finite core sequence requires.","May deepen a canonical period without becoming a prerequisite or duplicate progress-bearing lesson.","Optional-path editorial brief required."
"timeline-stub","mussolini","Mussolini's Fascists Take Power","1922 CE","global_conflict","Italy","Merge","lesson.dictatorships.fascism-nazism-and-stalinism","Fascism, Nazism, and Stalinism","1922–1939 CE","World Spine — chapter 11","This node supplies useful evidence, but its explanatory work is stronger inside the broader canonical synthesis and would otherwise duplicate required progress.","Mapped to lesson.dictatorships.fascism-nazism-and-stalinism; prerequisite(s): lesson.postwar.versailles-mandates-and-league|lesson.world-war-one.global-industrial-war.","Framing review; readiness: Planned."
"timeline-stub","nagasaki","Atomic Bombing of Nagasaki","1945 CE","global_conflict","Japan","Move to another Journey type","None","None","None","Story Arc — War, states, and strategy","Historically worthwhile, but narrower, more biographical, more local, or more illustrative than the finite core sequence requires.","May deepen a canonical period without becoming a prerequisite or duplicate progress-bearing lesson.","Optional-path editorial brief required."
"timeline-stub","nanking","Rape of Nanking","1937 CE","global_conflict","China","Move to another Journey type","None","None","None","Story Arc — War, states, and strategy","Historically worthwhile, but narrower, more biographical, more local, or more illustrative than the finite core sequence requires.","May deepen a canonical period without becoming a prerequisite or duplicate progress-bearing lesson.","Optional-path editorial brief required."
"timeline-stub","nuremberg","Nuremberg War Crimes Trials","1945 CE","global_conflict","Germany","Move to another Journey type","None","None","None","Story Arc — States, power, and rights","Historically worthwhile, but narrower, more biographical, more local, or more illustrative than the finite core sequence requires.","May deepen a canonical period without becoming a prerequisite or duplicate progress-bearing lesson.","Optional-path editorial brief required."
"timeline-stub","ottoman_collapse","Collapse of the Ottoman Empire","1922 CE","global_conflict","Turkey/Middle East","Move to another Journey type","None","None","None","Story Arc — States, power, and rights","Historically worthwhile, but narrower, more biographical, more local, or more illustrative than the finite core sequence requires.","May deepen a canonical period without becoming a prerequisite or duplicate progress-bearing lesson.","Optional-path editorial brief required."
"timeline-stub","pearl_harbor","Attack on Pearl Harbor","1941 CE","global_conflict","USA/Pacific","Move to another Journey type","None","None","None","Story Arc — War, states, and strategy","Historically worthwhile, but narrower, more biographical, more local, or more illustrative than the finite core sequence requires.","May deepen a canonical period without becoming a prerequisite or duplicate progress-bearing lesson.","Optional-path editorial brief required."
"timeline-stub","penicillin","Fleming Discovers Penicillin","1928 CE","global_conflict","UK","Move to another Journey type","None","None","None","Idea Trail — Evidence, invention, and environment","Historically worthwhile, but narrower, more biographical, more local, or more illustrative than the finite core sequence requires.","May deepen a canonical period without becoming a prerequisite or duplicate progress-bearing lesson.","Optional-path editorial brief required."
"timeline-stub","penicillin_mass","Mass Production of Penicillin","1940 CE","global_conflict","UK/USA","Move to another Journey type","None","None","None","Idea Trail — Evidence, invention, and environment","Historically worthwhile, but narrower, more biographical, more local, or more illustrative than the finite core sequence requires.","May deepen a canonical period without becoming a prerequisite or duplicate progress-bearing lesson.","Optional-path editorial brief required."
"timeline-stub","resistance_movements","Resistance Movements Across Occupied Europe","c. 1943 CE","global_conflict","Europe","Move to another Journey type","None","None","None","Story Arc — War, states, and strategy","Historically worthwhile, but narrower, more biographical, more local, or more illustrative than the finite core sequence requires.","May deepen a canonical period without becoming a prerequisite or duplicate progress-bearing lesson.","Optional-path editorial brief required."
"timeline-stub","roaring_twenties","The Roaring Twenties Culture","c. 1925 CE","global_conflict","USA/Europe","Archive","None","None","None","Archived legacy resource","As a standalone chronological node it adds no unique causal prerequisite or explanatory handoff; preserve assets and notes for possible reuse.","No canonical prerequisite; avoid restoring as progress-bearing World Spine content.","Archive after link and asset review."
"timeline-stub","russian_rev","Russian Revolution","1917 CE","global_conflict","Russia","Move to another Journey type","None","None","None","Story Arc — States, power, and rights","Historically worthwhile, but narrower, more biographical, more local, or more illustrative than the finite core sequence requires.","May deepen a canonical period without becoming a prerequisite or duplicate progress-bearing lesson.","Optional-path editorial brief required."
"timeline-stub","somme","Battle of the Somme","1916 CE","global_conflict","France","Move to another Journey type","None","None","None","Story Arc — War, states, and strategy","Historically worthwhile, but narrower, more biographical, more local, or more illustrative than the finite core sequence requires.","May deepen a canonical period without becoming a prerequisite or duplicate progress-bearing lesson.","Optional-path editorial brief required."
"timeline-stub","spanish_flu","Spanish Flu Pandemic","1918 CE","global_conflict","Global","Move to another Journey type","None","None","None","Idea Trail — Evidence, invention, and environment","Historically worthwhile, but narrower, more biographical, more local, or more illustrative than the finite core sequence requires.","May deepen a canonical period without becoming a prerequisite or duplicate progress-bearing lesson.","Optional-path editorial brief required."
"timeline-stub","stalingrad","Battle of Stalingrad","1942 CE","global_conflict","Russia","Move to another Journey type","None","None","None","Story Arc — War, states, and strategy","Historically worthwhile, but narrower, more biographical, more local, or more illustrative than the finite core sequence requires.","May deepen a canonical period without becoming a prerequisite or duplicate progress-bearing lesson.","Optional-path editorial brief required."
"timeline-stub","stock_crash","Wall Street Crash","1929 CE","global_conflict","USA","Move to another Journey type","None","None","None","Story Arc — States, power, and rights","Historically worthwhile, but narrower, more biographical, more local, or more illustrative than the finite core sequence requires.","May deepen a canonical period without becoming a prerequisite or duplicate progress-bearing lesson.","Optional-path editorial brief required."
"timeline-stub","suffrage","Women's Suffrage (19th Amendment)","1920 CE","global_conflict","USA","Merge","lesson.rights.womens-movements","Women's Movements and Political Rights","c. 1792–1920 CE","World Spine — chapter 10","This node supplies useful evidence, but its explanatory work is stronger inside the broader canonical synthesis and would otherwise duplicate required progress.","Mapped to lesson.rights.womens-movements; prerequisite(s): lesson.enlightenment.reason-rights-and-limits.","Source brief required; readiness: Planned."
"timeline-stub","turing","Alan Turing Cracks Enigma","1942 CE","global_conflict","UK","Move to another Journey type","None","None","None","Story Arc — War, states, and strategy","Historically worthwhile, but narrower, more biographical, more local, or more illustrative than the finite core sequence requires.","May deepen a canonical period without becoming a prerequisite or duplicate progress-bearing lesson.","Optional-path editorial brief required."
"timeline-stub","tut_tomb","Discovery of Tutankhamun's Tomb","1922 CE","global_conflict","Egypt","Move to another Journey type","None","None","None","Investigation — Archaeology, excavation, and ownership","Historically worthwhile, but narrower, more biographical, more local, or more illustrative than the finite core sequence requires.","May deepen a canonical period without becoming a prerequisite or duplicate progress-bearing lesson.","Optional-path editorial brief required."
"timeline-stub","un_founded","Founding of the UN","1945 CE","global_conflict","USA","Move to another Journey type","None","None","None","Story Arc — States, power, and rights","Historically worthwhile, but narrower, more biographical, more local, or more illustrative than the finite core sequence requires.","May deepen a canonical period without becoming a prerequisite or duplicate progress-bearing lesson.","Optional-path editorial brief required."
"timeline-stub","versailles","Treaty of Versailles","1919 CE","global_conflict","France","Move to another Journey type","None","None","None","Story Arc — States, power, and rights","Historically worthwhile, but narrower, more biographical, more local, or more illustrative than the finite core sequence requires.","May deepen a canonical period without becoming a prerequisite or duplicate progress-bearing lesson.","Optional-path editorial brief required."
"timeline-stub","weimar_hyperinflation","Weimar Germany Hyperinflation Crisis","1923 CE","global_conflict","Germany","Move to another Journey type","None","None","None","Story Arc — States, power, and rights","Historically worthwhile, but narrower, more biographical, more local, or more illustrative than the finite core sequence requires.","May deepen a canonical period without becoming a prerequisite or duplicate progress-bearing lesson.","Optional-path editorial brief required."
"timeline-stub","ww1","World War I Begins","1914 CE","global_conflict","Global","Move to another Journey type","None","None","None","Story Arc — War, states, and strategy","Historically worthwhile, but narrower, more biographical, more local, or more illustrative than the finite core sequence requires.","May deepen a canonical period without becoming a prerequisite or duplicate progress-bearing lesson.","Optional-path editorial brief required."
"timeline-stub","ww2_start","Invasion of Poland (WWII)","1939 CE","global_conflict","Europe","Move to another Journey type","None","None","None","Story Arc — War, states, and strategy","Historically worthwhile, but narrower, more biographical, more local, or more illustrative than the finite core sequence requires.","May deepen a canonical period without becoming a prerequisite or duplicate progress-bearing lesson.","Optional-path editorial brief required."
"timeline-stub","yalta_conference","Yalta Conference: Dividing Post-War World","1945 CE","global_conflict","Crimea","Move to another Journey type","None","None","None","Story Arc — States, power, and rights","Historically worthwhile, but narrower, more biographical, more local, or more illustrative than the finite core sequence requires.","May deepen a canonical period without becoming a prerequisite or duplicate progress-bearing lesson.","Optional-path editorial brief required."
"timeline-stub","ai_boom","Generative AI Boom","2022 CE","modern","Global","Move to another Journey type","None","None","None","Idea Trail — Evidence, invention, and environment","Historically worthwhile, but narrower, more biographical, more local, or more illustrative than the finite core sequence requires.","May deepen a canonical period without becoming a prerequisite or duplicate progress-bearing lesson.","Optional-path editorial brief required."
"timeline-stub","amazon_lidar","LiDAR Uncovers Ancient Amazon Cities","2024 CE","modern","Amazon","Move to another Journey type","None","None","None","Story Arc — Movement, encounter, and exchange","Historically worthwhile, but narrower, more biographical, more local, or more illustrative than the finite core sequence requires.","May deepen a canonical period without becoming a prerequisite or duplicate progress-bearing lesson.","Optional-path editorial brief required."
"timeline-stub","apartheid_ends","End of Apartheid in South Africa","1994 CE","modern","South Africa","Move to another Journey type","None","None","None","Story Arc — States, power, and rights","Historically worthwhile, but narrower, more biographical, more local, or more illustrative than the finite core sequence requires.","May deepen a canonical period without becoming a prerequisite or duplicate progress-bearing lesson.","Optional-path editorial brief required."
"timeline-stub","arab_spring","Arab Spring Begins","2010 CE","modern","Middle East","Move to another Journey type","None","None","None","Story Arc — States, power, and rights","Historically worthwhile, but narrower, more biographical, more local, or more illustrative than the finite core sequence requires.","May deepen a canonical period without becoming a prerequisite or duplicate progress-bearing lesson.","Optional-path editorial brief required."
"timeline-stub","berlin_wall","Fall of the Berlin Wall","1989 CE","modern","Germany","Move to another Journey type","None","None","None","Story Arc — States, power, and rights","Historically worthwhile, but narrower, more biographical, more local, or more illustrative than the finite core sequence requires.","May deepen a canonical period without becoming a prerequisite or duplicate progress-bearing lesson.","Optional-path editorial brief required."
"timeline-stub","chernobyl","Chernobyl Nuclear Disaster","1986 CE","modern","USSR","Merge","lesson.environment.modern-environmentalism","Modern Environmentalism and Climate Evidence","c. 1950–1992 CE","World Spine — chapter 12","This node supplies useful evidence, but its explanatory work is stronger inside the broader canonical synthesis and would otherwise duplicate required progress.","Mapped to lesson.environment.modern-environmentalism; prerequisite(s): lesson.environment.fossil-energy-and-planetary-change.","Source set identified; readiness: Planned."
"timeline-stub","civil_rights","Civil Rights Act","1964 CE","modern","USA","Move to another Journey type","None","None","None","Story Arc — States, power, and rights","Historically worthwhile, but narrower, more biographical, more local, or more illustrative than the finite core sequence requires.","May deepen a canonical period without becoming a prerequisite or duplicate progress-bearing lesson.","Optional-path editorial brief required."
"timeline-stub","covid","COVID-19 Pandemic","2019 CE","modern","Global","Move to another Journey type","None","None","None","Idea Trail — Evidence, invention, and environment","Historically worthwhile, but narrower, more biographical, more local, or more illustrative than the finite core sequence requires.","May deepen a canonical period without becoming a prerequisite or duplicate progress-bearing lesson.","Optional-path editorial brief required."
"timeline-stub","crispr","CRISPR Gene Editing","2012 CE","modern","USA/Europe","Move to another Journey type","None","None","None","Idea Trail — Evidence, invention, and environment","Historically worthwhile, but narrower, more biographical, more local, or more illustrative than the finite core sequence requires.","May deepen a canonical period without becoming a prerequisite or duplicate progress-bearing lesson.","Optional-path editorial brief required."
"timeline-stub","cuban_missile","Cuban Missile Crisis","1962 CE","modern","Cuba","Move to another Journey type","None","None","None","Story Arc — War, states, and strategy","Historically worthwhile, but narrower, more biographical, more local, or more illustrative than the finite core sequence requires.","May deepen a canonical period without becoming a prerequisite or duplicate progress-bearing lesson.","Optional-path editorial brief required."
"timeline-stub","cultural_rev","Cultural Revolution","1966 CE","modern","China","Move to another Journey type","None","None","None","Story Arc — States, power, and rights","Historically worthwhile, but narrower, more biographical, more local, or more illustrative than the finite core sequence requires.","May deepen a canonical period without becoming a prerequisite or duplicate progress-bearing lesson.","Optional-path editorial brief required."
"timeline-stub","digital_divide","The Digital Divide Grows","c. 2007 CE","modern","Global","Move to another Journey type","None","None","None","Idea Trail — Evidence, invention, and environment","Historically worthwhile, but narrower, more biographical, more local, or more illustrative than the finite core sequence requires.","May deepen a canonical period without becoming a prerequisite or duplicate progress-bearing lesson.","Optional-path editorial brief required."
"timeline-stub","dna","Watson & Crick Discover DNA Structure","1953 CE","modern","UK","Move to another Journey type","None","None","None","Idea Trail — Evidence, invention, and environment","Historically worthwhile, but narrower, more biographical, more local, or more illustrative than the finite core sequence requires.","May deepen a canonical period without becoming a prerequisite or duplicate progress-bearing lesson.","Optional-path editorial brief required."
"timeline-stub","dolly","Dolly the Sheep Cloned","1996 CE","modern","UK","Move to another Journey type","None","None","None","Idea Trail — Evidence, invention, and environment","Historically worthwhile, but narrower, more biographical, more local, or more illustrative than the finite core sequence requires.","May deepen a canonical period without becoming a prerequisite or duplicate progress-bearing lesson.","Optional-path editorial brief required."
"timeline-stub","earth_day","First Earth Day & Modern Environmentalism","1970 CE","modern","USA","Merge","lesson.environment.modern-environmentalism","Modern Environmentalism and Climate Evidence","c. 1950–1992 CE","World Spine — chapter 12","This node supplies useful evidence, but its explanatory work is stronger inside the broader canonical synthesis and would otherwise duplicate required progress.","Mapped to lesson.environment.modern-environmentalism; prerequisite(s): lesson.environment.fossil-energy-and-planetary-change.","Source set identified; readiness: Planned."
"timeline-stub","eniac","ENIAC (First Electronic Computer)","1946 CE","modern","USA","Move to another Journey type","None","None","None","Idea Trail — Evidence, invention, and environment","Historically worthwhile, but narrower, more biographical, more local, or more illustrative than the finite core sequence requires.","May deepen a canonical period without becoming a prerequisite or duplicate progress-bearing lesson.","Optional-path editorial brief required."
"timeline-stub","eu_founded","European Union Formed (Maastricht)","1993 CE","modern","Europe","Move to another Journey type","None","None","None","Story Arc — States, power, and rights","Historically worthwhile, but narrower, more biographical, more local, or more illustrative than the finite core sequence requires.","May deepen a canonical period without becoming a prerequisite or duplicate progress-bearing lesson.","Optional-path editorial brief required."
"timeline-stub","facebook","Facebook Launched","2004 CE","modern","USA","Move to another Journey type","None","None","None","Idea Trail — Evidence, invention, and environment","Historically worthwhile, but narrower, more biographical, more local, or more illustrative than the finite core sequence requires.","May deepen a canonical period without becoming a prerequisite or duplicate progress-bearing lesson.","Optional-path editorial brief required."
"timeline-stub","genome","Human Genome Sequenced","2003 CE","modern","Global","Move to another Journey type","None","None","None","Idea Trail — Evidence, invention, and environment","Historically worthwhile, but narrower, more biographical, more local, or more illustrative than the finite core sequence requires.","May deepen a canonical period without becoming a prerequisite or duplicate progress-bearing lesson.","Optional-path editorial brief required."
"timeline-stub","ghana_independence","Ghana Gains Independence","1957 CE","modern","West Africa","Move to another Journey type","None","None","None","Story Arc — States, power, and rights","Historically worthwhile, but narrower, more biographical, more local, or more illustrative than the finite core sequence requires.","May deepen a canonical period without becoming a prerequisite or duplicate progress-bearing lesson.","Optional-path editorial brief required."
"timeline-stub","global_financial_crisis","Global Financial Crisis","2008 CE","modern","Global","Move to another Journey type","None","None","None","Story Arc — States, power, and rights","Historically worthwhile, but narrower, more biographical, more local, or more illustrative than the finite core sequence requires.","May deepen a canonical period without becoming a prerequisite or duplicate progress-bearing lesson.","Optional-path editorial brief required."
"timeline-stub","globalization","Globalization Accelerates","c. 1995 CE","modern","Global","Move to another Journey type","None","None","None","Story Arc — States, power, and rights","Historically worthwhile, but narrower, more biographical, more local, or more illustrative than the finite core sequence requires.","May deepen a canonical period without becoming a prerequisite or duplicate progress-bearing lesson.","Optional-path editorial brief required."
"timeline-stub","green_revolution","The Green Revolution in Agriculture","c. 1965 CE","modern","Global","Adapt or rename","lesson.food.green-revolution","The Green Revolution and the Politics of Food","c. 1940–1980 CE","World Spine — chapter 12","The topic earns core placement, with a learner-facing title, period, and scope adjusted to foreground causal and evidentiary value.","Mapped to lesson.food.green-revolution; prerequisite(s): lesson.farming.multiple-origins.","Source brief required; readiness: Planned."
"timeline-stub","hiv_aids","HIV/AIDS Crisis Emerges","1981 CE","modern","Global","Move to another Journey type","None","None","None","Idea Trail — Evidence, invention, and environment","Historically worthwhile, but narrower, more biographical, more local, or more illustrative than the finite core sequence requires.","May deepen a canonical period without becoming a prerequisite or duplicate progress-bearing lesson.","Optional-path editorial brief required."
"timeline-stub","india_indep","Indian Independence & Partition","1947 CE","modern","India/Pakistan","Move to another Journey type","None","None","None","Story Arc — States, power, and rights","Historically worthwhile, but narrower, more biographical, more local, or more illustrative than the finite core sequence requires.","May deepen a canonical period without becoming a prerequisite or duplicate progress-bearing lesson.","Optional-path editorial brief required."
"timeline-stub","internet_arpanet","ARPANET (Precursor to Internet)","1969 CE","modern","USA","Move to another Journey type","None","None","None","Idea Trail — Evidence, invention, and environment","Historically worthwhile, but narrower, more biographical, more local, or more illustrative than the finite core sequence requires.","May deepen a canonical period without becoming a prerequisite or duplicate progress-bearing lesson.","Optional-path editorial brief required."
"timeline-stub","iphone","iPhone Released","2007 CE","modern","Global","Move to another Journey type","None","None","None","Idea Trail — Evidence, invention, and environment","Historically worthwhile, but narrower, more biographical, more local, or more illustrative than the finite core sequence requires.","May deepen a canonical period without becoming a prerequisite or duplicate progress-bearing lesson.","Optional-path editorial brief required."
"timeline-stub","iran_rev","Iranian Revolution","1979 CE","modern","Iran","Move to another Journey type","None","None","None","Story Arc — States, power, and rights","Historically worthwhile, but narrower, more biographical, more local, or more illustrative than the finite core sequence requires.","May deepen a canonical period without becoming a prerequisite or duplicate progress-bearing lesson.","Optional-path editorial brief required."
"timeline-stub","israel","Establishment of Israel","1948 CE","modern","Middle East","Move to another Journey type","None","None","None","Story Arc — States, power, and rights","Historically worthwhile, but narrower, more biographical, more local, or more illustrative than the finite core sequence requires.","May deepen a canonical period without becoming a prerequisite or duplicate progress-bearing lesson.","Optional-path editorial brief required."
"timeline-stub","iss","ISS First Module Launched","1998 CE","modern","Space","Move to another Journey type","None","None","None","Idea Trail — Evidence, invention, and environment","Historically worthwhile, but narrower, more biographical, more local, or more illustrative than the finite core sequence requires.","May deepen a canonical period without becoming a prerequisite or duplicate progress-bearing lesson.","Optional-path editorial brief required."
"timeline-stub","korean_war","Korean War Begins","1950 CE","modern","Korea","Move to another Journey type","None","None","None","Story Arc — War, states, and strategy","Historically worthwhile, but narrower, more biographical, more local, or more illustrative than the finite core sequence requires.","May deepen a canonical period without becoming a prerequisite or duplicate progress-bearing lesson.","Optional-path editorial brief required."
"timeline-stub","mandela","Nelson Mandela Released","1990 CE","modern","South Africa","Move to another Journey type","None","None","None","Story Arc — States, power, and rights","Historically worthwhile, but narrower, more biographical, more local, or more illustrative than the finite core sequence requires.","May deepen a canonical period without becoming a prerequisite or duplicate progress-bearing lesson.","Optional-path editorial brief required."
"timeline-stub","mao","Mao Declares People's Republic","1949 CE","modern","China","Merge","lesson.china.revolution-and-peoples-republic","The Chinese Revolution and the People's Republic","1945–1949 CE","World Spine — chapter 12","This node supplies useful evidence, but its explanatory work is stronger inside the broader canonical synthesis and would otherwise duplicate required progress.","Mapped to lesson.china.revolution-and-peoples-republic; prerequisite(s): lesson.china.reform-republic-and-new-culture.","Source brief required; readiness: Planned."
"timeline-stub","maya_lidar","LiDAR Reveals Hidden Maya Cities","2018 CE","modern","Mesoamerica","Move to another Journey type","None","None","None","Story Arc — Movement, encounter, and exchange","Historically worthwhile, but narrower, more biographical, more local, or more illustrative than the finite core sequence requires.","May deepen a canonical period without becoming a prerequisite or duplicate progress-bearing lesson.","Optional-path editorial brief required."
"timeline-stub","mlk_dream","I Have A Dream Speech","1963 CE","modern","USA","Move to another Journey type","None","None","None","Story Arc — States, power, and rights","Historically worthwhile, but narrower, more biographical, more local, or more illustrative than the finite core sequence requires.","May deepen a canonical period without becoming a prerequisite or duplicate progress-bearing lesson.","Optional-path editorial brief required."
"timeline-stub","moon","Apollo 11 Moon Landing","1969 CE","modern","Space","Move to another Journey type","None","None","None","Story Arc — Movement, encounter, and exchange","Historically worthwhile, but narrower, more biographical, more local, or more illustrative than the finite core sequence requires.","May deepen a canonical period without becoming a prerequisite or duplicate progress-bearing lesson.","Optional-path editorial brief required."
"timeline-stub","obama","Barack Obama Elected","2008 CE","modern","USA","Move to another Journey type","None","None","None","Story Arc — States, power, and rights","Historically worthwhile, but narrower, more biographical, more local, or more illustrative than the finite core sequence requires.","May deepen a canonical period without becoming a prerequisite or duplicate progress-bearing lesson.","Optional-path editorial brief required."
"timeline-stub","paris_agreement","Paris Climate Agreement","2015 CE","modern","Global","Move to another Journey type","None","None","None","Idea Trail — Evidence, invention, and environment","Historically worthwhile, but narrower, more biographical, more local, or more illustrative than the finite core sequence requires.","May deepen a canonical period without becoming a prerequisite or duplicate progress-bearing lesson.","Optional-path editorial brief required."
"timeline-stub","rosa_parks","Rosa Parks Bus Boycott","1955 CE","modern","USA","Move to another Journey type","None","None","None","Story Arc — States, power, and rights","Historically worthwhile, but narrower, more biographical, more local, or more illustrative than the finite core sequence requires.","May deepen a canonical period without becoming a prerequisite or duplicate progress-bearing lesson.","Optional-path editorial brief required."
"timeline-stub","rwanda","Rwandan Genocide","1994 CE","modern","Rwanda","Move to another Journey type","None","None","None","Story Arc — War, states, and strategy","Historically worthwhile, but narrower, more biographical, more local, or more illustrative than the finite core sequence requires.","May deepen a canonical period without becoming a prerequisite or duplicate progress-bearing lesson.","Optional-path editorial brief required."
"timeline-stub","sept_11","9/11 Terrorist Attacks","2001 CE","modern","USA","Move to another Journey type","None","None","None","Story Arc — War, states, and strategy","Historically worthwhile, but narrower, more biographical, more local, or more illustrative than the finite core sequence requires.","May deepen a canonical period without becoming a prerequisite or duplicate progress-bearing lesson.","Optional-path editorial brief required."
"timeline-stub","six_day_war","Six-Day War","1967 CE","modern","Middle East","Move to another Journey type","None","None","None","Story Arc — War, states, and strategy","Historically worthwhile, but narrower, more biographical, more local, or more illustrative than the finite core sequence requires.","May deepen a canonical period without becoming a prerequisite or duplicate progress-bearing lesson.","Optional-path editorial brief required."
"timeline-stub","solidarity_poland","Solidarity Movement in Poland","1980 CE","modern","Poland","Move to another Journey type","None","None","None","Story Arc — States, power, and rights","Historically worthwhile, but narrower, more biographical, more local, or more illustrative than the finite core sequence requires.","May deepen a canonical period without becoming a prerequisite or duplicate progress-bearing lesson.","Optional-path editorial brief required."
"timeline-stub","sputnik","Sputnik Launched","1957 CE","modern","USSR","Move to another Journey type","None","None","None","Story Arc — Movement, encounter, and exchange","Historically worthwhile, but narrower, more biographical, more local, or more illustrative than the finite core sequence requires.","May deepen a canonical period without becoming a prerequisite or duplicate progress-bearing lesson.","Optional-path editorial brief required."
"timeline-stub","star_wars","Star Wars Released","1977 CE","modern","USA","Archive","None","None","None","Archived legacy resource","As a standalone chronological node it adds no unique causal prerequisite or explanatory handoff; preserve assets and notes for possible reuse.","No canonical prerequisite; avoid restoring as progress-bearing World Spine content.","Archive after link and asset review."
"timeline-stub","tiananmen_square","Tiananmen Square Protests","1989 CE","modern","China","Move to another Journey type","None","None","None","Story Arc — States, power, and rights","Historically worthwhile, but narrower, more biographical, more local, or more illustrative than the finite core sequence requires.","May deepen a canonical period without becoming a prerequisite or duplicate progress-bearing lesson.","Optional-path editorial brief required."
"timeline-stub","ussr_fall","Dissolution of the Soviet Union","1991 CE","modern","Russia","Move to another Journey type","None","None","None","Story Arc — States, power, and rights","Historically worthwhile, but narrower, more biographical, more local, or more illustrative than the finite core sequence requires.","May deepen a canonical period without becoming a prerequisite or duplicate progress-bearing lesson.","Optional-path editorial brief required."
"timeline-stub","vietnam_war","US Involvement in Vietnam Peaks","1968 CE","modern","Vietnam","Move to another Journey type","None","None","None","Story Arc — War, states, and strategy","Historically worthwhile, but narrower, more biographical, more local, or more illustrative than the finite core sequence requires.","May deepen a canonical period without becoming a prerequisite or duplicate progress-bearing lesson.","Optional-path editorial brief required."
"timeline-stub","woodstock","Woodstock Festival","1969 CE","modern","USA","Archive","None","None","None","Archived legacy resource","As a standalone chronological node it adds no unique causal prerequisite or explanatory handoff; preserve assets and notes for possible reuse.","No canonical prerequisite; avoid restoring as progress-bearing World Spine content.","Archive after link and asset review."
"timeline-stub","www","World Wide Web Publicly Available","1991 CE","modern","Global","Move to another Journey type","None","None","None","Idea Trail — Evidence, invention, and environment","Historically worthwhile, but narrower, more biographical, more local, or more illustrative than the finite core sequence requires.","May deepen a canonical period without becoming a prerequisite or duplicate progress-bearing lesson.","Optional-path editorial brief required."
"timeline-stub","yugoslav_wars","Yugoslav Wars","1991 CE","modern","Balkans","Move to another Journey type","None","None","None","Story Arc — War, states, and strategy","Historically worthwhile, but narrower, more biographical, more local, or more illustrative than the finite core sequence requires.","May deepen a canonical period without becoming a prerequisite or duplicate progress-bearing lesson.","Optional-path editorial brief required."
